IMG_5876|Category | Subcategory | Part Number/ID |
IMG_5876|Ball Bearings | Metal | 01-001-000 |
IMG_5876|Ball Bearings | Ball | 01-002-000 |
IMG_5876|Ball Bearings | Flange | 01-005-000 |
IMG_5876|Ball Bearings | Pillow Block | 1-006-000 |
IMG_5876|Ball Bearings | Radial Taper | 1-007-000 |
IMG_5876|Ball Bearings | Needle & Cylindrical Roller | 1-008-000 |
IMG_5876|Ball Bearings | Thrust | 1-009-000 |
IMG_5876|Ball Bearings | Linear Bearings (Ball Bushings) | 1-010-000 |
IMG_5876|Ball Bearings | Spherical Bearing | 1-011-000 |
IMG_5876|Belts | Flat | 1-014-000 |
IMG_5876|Belts | Round | 1-014-500 |
IMG_5876|Belts | Timing | 1-015-000 |
IMG_5876|Belts |" ""V"" - A, B, C, D, & E Sections "| 1-016-000 |
IMG_5876|Belts | - 2L, 3L, 4L, & 5L Sections | 1-017-000 |
IMG_5876|Belts | - O | 1-018-000 |
IMG_5876|Belts | - Flat | 1-019-000 |
IMG_5876|Belts | - Veelos | 1-020-000 |
IMG_5876|Belts | Fasteners | 1-021-000 |
IMG_5876|Cam Follower | (see 01-123-000) | 01-022-000 |
IMG_5876|Bushings | Oil Impregnated - Plain Cylindrical | 1-024-000 |
IMG_5876|Bushings | Flange | 1-025-000 |
IMG_5876|Bushings | Thrust | 1-026-000 |
IMG_5876|Bushings | Plain Bronze - Cylindrical | 1-027-000 |
IMG_5876|Bushings | Misc - Nylon, Acetal, Du, Etc | 1-028-000 |
IMG_5876|Bumpers | | 01-127-000 |
IMG_5876|Bushings | Taper Lock | 1-032-000 |
IMG_5876|Chain | Roller - Solid Pin | 1-035-000 |
IMG_5876|Chain | - Hollow Pin | 1-037-000 |
IMG_5876|Chain | Block | 1-039-000 |
IMG_5876|Chain | Silent | 1-040-000 |
IMG_5876|Chain | Attachments & Misc. | 1-041-000 |
IMG_5876|Clamps | Cable | 1-045-000 |
IMG_5876|Clamps | Hose | 1-046-000 |
IMG_5876|Clamps | Pipe | 1-047-000 |
IMG_5876|Clamps | Misc. | 1-048-000 |
IMG_5877|Category | Subcategory | Part Number/ID
IMG_5877|Clutch/Brake | Mechanical Operated | 1-050-000
IMG_5877|Clutch/Brake | Electrical | 1-051-000
IMG_5877|Clutch/Brake | Air | 1-052-000
IMG_5877|Clutch/Brake | Misc. Parts | 1-053-000
IMG_5877|Code Daters/Printers/Labelers/Placers/Lazi | Hand Sealers - Tear Strip | 1-054-000
IMG_5877|Collars | Steel (One S.S.) | 1-055-000
IMG_5877|Collars | Stainless (One SS) | 1-056-000
IMG_5877|Collars | Steel Split | 1-057-000
IMG_5877|Collars | Stainless Split | 1-058-000
IMG_5877|Collars | Miscellaneous | 1-059-000
IMG_5877|Counters | Mechanical | 01-060-000
IMG_5877|Counters | Electrical | 01-061-000
IMG_5877|Counters | Position Indicators | 01-062-000
IMG_5877|Couplings | Flexible | 1-063-000
IMG_5877|Couplings | Rigid | 1-064-000
IMG_5877|Cups | Suction | 01-065-000
IMG_5877|Cylinders | Air | 1-066-000
IMG_5877|Cylinders | Hydraulic | 1-067-000
IMG_5877|Filters | Air (Combo Units) | 1-070-000
IMG_5877|Filters | Filters | 1-071-000
IMG_5877|Filters | Regulators & MTG Brackets | 1-072-000
IMG_5877|Filters | Lubricators | 1-073-000
IMG_5877|Fittings | Hose | 1-074-000
IMG_5877|Fittings | Tube | 1-075-000
IMG_5877|Fittings | Pipe | 1-076-000
IMG_5877|Fittings | Oil & Grease | 1-077-000
IMG_5877|Fittings | Compression | 1-078-000
IMG_5877|Fittings | Pipe - High Pressure & Special | 1-079-000
IMG_5877|Gauges | Pressure & Flow | 1-082-000
IMG_5877|Gauges | Vacuum | 1-083-000
IMG_5877|Gauges | Sight | 1-083-500
IMG_5878|Category | Subcategory | Part Number/ID
IMG_5878|Gears | Bevel & Miter | 1-035-000
IMG_5878|Gears | Helical | 1-036-000
IMG_5878|Gears | Spur | 1-037-000
IMG_5878|Gears | Worm & Worm Gear | 1-038-000
IMG_5878|Gear Drives | Right Angle Boxes | 1-039-000
IMG_5878|Handles/Latches | | 1-090-000
IMG_5878|Handwheels/Crank Handles | | 1-091-000
IMG_5878|Hinges | Butt | 1-092-000
IMG_5878|Hinges | Piano | 1-093-000
IMG_5878|Hinges | Misc. | 1-094-000
IMG_5878|Indicators | | 01-094-500
IMG_5878|Joints | Universal | 1-095-000
IMG_5878|Knobs | | 1-096-000
IMG_5878|Locks | Padlocks, Master | 1-097-000
IMG_5878|Magnets | | 1-098-000
IMG_5878|Mufflers | | 1-100-000
IMG_5878|Nipples | Hose (Hose Stems) | 1-101-000
IMG_5878|Nipples | Pipe | 1-102-000
IMG_5878|Nipples | Chase | 1-103-000
IMG_5878|Pads | Leveling | 1-104-000
IMG_5878|Pads | Tube Ends | 1-104-000
IMG_5879|Category | Subcategory | Part Number/ID
IMG_5879|Plunger | Spring, Detent Pins, Quick Release Pins | 1-108-000
IMG_5879|Pumps | Air/Vacuum/Compressors | 1-110-000
IMG_5879|Pumps | Liquid | 1-111-000
IMG_5879|Pulleys | Flat | 1-112-000
IMG_5879|Pulleys | Timing | 1-113-000
IMG_5879|Pulleys |" ""V"" "| 1-114-000
IMG_5879|Pulleys | Vari-Speed | 1-115-000
IMG_5879|Pulleys | UHMW-Polyethylene | 1-116-000
IMG_5879|Reducers | | 1-118-000
IMG_5879|Rings |" ""O"" "| 01-120-000
IMG_5879|Rings | Retaining | 01-121-000
IMG_5879|Rings | Wire (For Quick Releas Pins) | 01-121-900
IMG_5879|Rod Ends | | 1-122-000
IMG_5879|Rollers | Cam Followers | 01-123-000
IMG_5879|Rollers | Plain | 1-123-500
IMG_5879|Rolls | | 1-124-000
IMG_5879|Seals | Oil | 1-125-000
IMG_5879|Shims | | 1-126-000
IMG_5879|Shock Absorbers & Bumpers | | 1-127-000
IMG_5879|Signs | Safety (Decals, Etc.) | 01-130-000
IMG_5879|Signs | Name Plate | 01-131-000
IMG_5880|Category | Subcategory | Part Number/ID
IMG_5880|Spacers/Standoffs | Threaded | 1-131-500
IMG_5880|Springs | Compression | 1-132-000
IMG_5880|Springs | Tension | 1-133-000
IMG_5880|Springs | Torsion | 1-134-000
IMG_5880|Springs | Misc. (Gas Cyl. - Shock) | 1-135-000
IMG_5880|Sprockets | Roller Chain #25 | 1-136-000
IMG_5880|Sprockets | Roller Chain 35 | 1-137-000
IMG_5880|Sprockets | Roller Chain 40 | 1-138-000
IMG_5880|Sprockets | Roller Chain 50 | 1-139-000
IMG_5880|Sprockets | Roller Chain 60 | 1-140-000
IMG_5880|Sprockets | Idlers | 1-144-000
IMG_5880|Sprockets | Silent Chain | 1-145-000
IMG_5880|Studs | Plain | 1-146-000
IMG_5880|Studs | Threaded | 1-146-500
IMG_5880|Tunnels | | 1-147-000
IMG_5880|Valves | Solenoid | 1-148-000
IMG_5880|Valves | Needle & Flow Control | 1-149-000
IMG_5880|Valves | Manual | 1-150-000
IMG_5880|Vacuum Pumps/Generators | | 1-153-000
IMG_5880|Vibrators | | 1-154-000
IMG_5880|Wheels | Plain | 1-155-000
IMG_5880|Wheels | Rigid Mounted | 1-156-000
IMG_5880|Wheels | Caster Mounted | 1-157-000
IMG_5880|Wheels | Guide | 1-158-000
IMG_5880|Wrenches | | 1-160-000
IMG_5880|Yoke Ends | | 1-170-000
IMG_5880|Misc. Mechanical Drives | | 1-171-000
IMG_5880|Drive Tighteners & Idlers | | 1-175-000
IMG_5880|Plugs | Tubing | 1-180-000
IMG_5880|Knives & Anvils | | 1-198-000
IMG_5881|Category | BOM Number | Subcategory | Part Number/ID |
IMG_5881|HANDLES | 1-090-000 | KIPP-STANDARD ADJUSTABLE HANDLE STUD TYPE WITH 1/2-13 THREAD - 1.18 STUD LENGTH PART NO. HAS-.350 x 1/2-13 x 1.18 x 30° | 1-090-001 |
IMG_5881|HANDLES | 1-090-000 | SOUTHCO NO 24 ADJUSTABLE GRIP FLUSH LATCH STANDARD MODEL -RH CAT NO 24-10-101-10 | 1-090-002 |
IMG_5881|HANDLES | 1-090-000 | SOUTHCO NO 24 ADJUSTABLE GRIP FLUSH LATCH STANDARD MODEL -LH CAT NO 24-10-201-10 | 1-090-003 |
IMG_5881|HANDLES | 1-090-000 | WROUGHT STEEL -BLACK FINISH MC MASTER - CARR CAT'L. #1646A11 | 1-090-004 |
IMG_5881|HANDLES | 1-090-000 | KIPP/ELESA ADJUSTABLE HANDLE STUD TYPE WITH M8 THD. - 30 MM STUD LG. #2 SIZE, PART NO. 39152 (PMT SUPPLY INC.) | 1-090-005 |
IMG_5881|HANDLES | 1-090-000 | KIPP/ELESA ADJUSTABLE HANDLE WITH M6 TAP #2 SIZE, PART NO. 39011 (PMT SUPPLY INC.) | 1-090-006 |
IMG_5881|HANDLES | 1-090-000 | SOUTHCO SPRING LATCH - SERIES 19 BLACK KNOB, MTG. STYLE RIVET PART # ST-10-401-10 | 1-090-007 |
IMG_5881|HANDLES | 1-090-000 | KIPP/ELESA ADJUSTABLE HANDLE WITH M12 TAP #5 SIZE, PART NO. 39051 (PMT SUPPLY INC.) | 1-090-008 |
IMG_5881|HANDLES | 1-090-000 | SOUTHCO SPRING LATCH - SERIES 30 BLACK KNOB - TAPPED HOLES (4-40) PART # ST-30-403-10 | 1-090-009 |
IMG_5881|HANDLES | 1-090-000 | KIPP/ELESA ADJUSTABLE HANDLE WITH M10 TAP #4 SIZE, PART NO. 39041 (PMT SUPPLY INC.) | 1-090-010 |
IMG_5882|Category | BOM Number | Subcategory | Part Number/ID
IMG_5882|HANDLES/LATCHES | 1-090-000 |" LATCH: TOGGLE - DRAW PULL - ST. ST. 2"" PULL LENGTH MCMASTER # 1689A34 "| 1-090-011-7
IMG_5882|HANDLES/LATCHES | 1-090-000 | REVOLVING HANDLE - REID HR-19 | 01-090-012-7
IMG_5882|HANDLES/LATCHES | 1-090-000 | HANDLE - MCMASTER # 5745SK61 | 01-090-013-7
IMG_5882|HANDLES/LATCHES | 1-090-000 | HANDLE - ADJUSTABLE REID # KHB-34 3/8-16 TAPPED INSERT | 01-090-014-7
IMG_5882|HANDLES/LATCHES | 1-090-000 |" HANDLE - ADJUSTABLE REID # KHB-62 5/16-18 x 1"" THREADED STEEL STUD "| 01-090-015-7
IMG_5882|HANDLES/LATCHES | 1-090-000 | THREE WAY STANDARD CATCH-DULL CHROME MCMASTER # 1790A15 | 01-090-016-7
IMG_5882|HANDLES/LATCHES | 1-090-000 | HANDLE-ADJUSTABLE REID # KHB-68 5/16-18 x 1.17 | 01-090-017-7
IMG_5882|HANDLES/LATCHES | 1-090-000 | HANDLE - ADJUSTABLE - STUD TYPE M8 x 45 REID CAT NO KHD-54 | 01-090-018-7
IMG_5882|HANDLES/LATCHES | 1-090-000 | HANDLE - ADJUSTABLE - TAPPED HOLE TYPE - M10 x 1.50 HANDLE LENGTH - 80MM REID CAT NO KHD-16 | 01-090-019-7
IMG_5882|HANDLES/LATCHES | 1-090-000 |" HANDLE - ADJUSTABLE - THREADED STUD TYPE 5/16-18 x 1.17""LG - REID CAT # KHA-126 "| 01-090-020-7
IMG_5882|HANDLES/LATCHES | 1-090-000 | HANDLE - ADJUSTABLE - TAPPED HOLE TYPE - M8 x 1.25 80MM LG HANDLE - REID CAT # KHD-14 | 01-090-021-7
IMG_5882|HANDLES/LATCHES | 1-090-000 | LATCH - CLAMP ST. ST. REID PART NO. TC-323-SS | 01-090-022-7
IMG_5882|HANDLES/LATCHES | 1-090-000 | GRIP LATCH - STANDARD SLOTTED SCREW STYLE - GRIP RANGE 3/4 TO 1 1/8 MCMASTER NO. 1626A29 | 01-090-023-7
IMG_5882|HANDLES/LATCHES | 1-090-000 | TRIM PLATE . MCMASTER NO. 1626A45 | 01-090-024-7
IMG_5883|Category | BOM Number | Subcategory | Part Number/ID |
IMG_5883|HANDLES/LATCHES | | PAW LATCH - KNURLED GRIP RANGE 3/64 - 1/16 MCMASTER-CARR NO. 1997A41 | 01-090-025-7 |
IMG_5883|HANDLES/LATCHES | | SOUTHCO LIFT-AND TURN FLUSH LATCH 400 SERIES GRIP RANGE 9/16 - 11/8 POLISHED CHROME PART NO. 62-10-401-10 PURCH FROM THOMAS HARDWARE - Reading Tel. 1-800-228-3568 | 01-090-026-7 |
IMG_5883|HANDLES/LATCHES | |" HANDLE-ADJUSTABLE-REID #KHB-734 5/16-18 X 1"" THREADED STAINLESS STEEL STUD "| 01-090-027-7 |
IMG_5883|HANDLES/LATCHES | | CLAMPING LEVER - CHROME PL STEEL WITH BAKELITE BALL - REID #D4-20A | 01-090-028-7 |
IMG_5883|HANDLES/LATCHES | |" CRANK HANDLE - ALUMINUM CRANK W/ REVOLVING PLASTIC HANDLE 5/8"" BORE, 6"" OAL MCMASTER # 6473K78 "| 01-090-029-7 |
IMG_5883|HANDLES/LATCHES | | HANDLE-ADJUSTABLE-REID #KHB-742 5/16-18 X 2.3616 THREADED STAIN STEEL ST | 01-090-030-7 |
IMG_5883|HANDLES/LATCHES | | HANDLE 9/16 DIA. 3 1/2 C TO C S.S. #10-32 TAP REID VPH-232 | 01-090-031-7 |
IMG_5883|HANDLES/LATCHES | | HANDLE - ELESA CODE # 137313 VENDOR - NOLU | 01-090-032-7 |
IMG_5883|HANDLES/LATCHES | | SOUTHCO LIFT & TURN LATCH PART NO - 62-10-21 (376772) 5/16-18 X 1:12 LG THD. (FOUND IN STOCK ROOM) NO P.O. | 01-090-033-7 |
IMG_5883|HANDLES/LATCHES | | HANDLE-ADJUSTABLE-THREADED STUD TYPE 5/16-18 X .75 LG REID CAT# KHA-120 | 01-090-034-7 |
IMG_5884|Category | BOM Number | Subcategory | Part Number/ID
IMG_5884|HANDLES/LATCHES | 01-090-000 |" HANDLE - ADJUSTABLE - THR'D STUD TYPE 1/4-20 x 1.18""LG REID CAT# KHA-112 ESSENTRA - KHA 1184 "| 01-090-035-7
IMG_5884|HANDLES/LATCHES | 01-090-000 | HANDLE - ADJUSTABLE - THR'D STUD ALL 303 S.S. 5/16-18 REID KH2-68 | 01-090-036-7
IMG_5884|HANDLES/LATCHES | 01-090-000 | HANDLE - ADJUSTABLE - 3/8-16 TAP ALL 303 S.S. REID KH2-12 | 01-090-037-7
IMG_5884|HANDLES/LATCHES | 01-090-000 | HANDLE - ADJUSTABLE - 3/8-16 x 1.18 THR'D STUD REID # KHB-82 (OR EQUAL) | 01-090-038-7
IMG_5884|HANDLES/LATCHES | 01-090-000 |" DRAWER PULL - 3"" CENTERS - CHROME FINISH 18-32 MOUNTING SCREWS LIBERTY HARDWARE # P60486C-PC-C (#4700) AVAILABLE @ HOME DEPOT MCM. # 1568431 "| 01-090-039-7
IMG_5884|HANDLES/LATCHES | 01-090-000 | HOOD LATCH - STRAIGHT STYLE TYPE 304 STAINLESS STEEL MCMASTER # 1344A13 | 01-090-040-7
IMG_5884|HANDLES/LATCHES | 01-090-000 | HOOKING BRACKET (USE WITH 040) TYPE 304 STAINLESS STEEL MCMASTER # 1344A19 | 01-090-041-7
IMG_5884|HANDLES/LATCHES | 01-090-000 | PLASTIC PULL HANDLE 5/16-18 MOUNTING SCREWS - 4.61 CENTERS REID CAT # KH0-55 | 01-090-042-7
IMG_5884|HANDLES/LATCHES | 01-090-000 |" PLASTIC HEAVY DUTY HANDLE 5/16-18 TAPPED HOLES ON 5.12"" CENTERS VALUE GUIDE/NOLU PLASTICS CAT # VG-632-516 "| 01-090-043-7
IMG_5884|HANDLES/LATCHES | 01-090-000 |" PHENOLIC TAPERED HANDLE 7/8"" DIA x 2 9/64""LG WITH 5/16-18 BRASS INSERT MCMASTER # 57455K54 "| 01-090-044-7
IMG_5885|Category | BOM Number | Subcategory | Part Number/ID
IMG_5885|HANDLES/LATCHES | 01-090-000 |" VINYL GRIP FITS 5/8"" SHAFT OD - 4 7/8"" OAL - RED MCMASTER # 9706SK28 "| 01-090-045-7
IMG_5885|HANDLES/LATCHES | 01-090-000 | HANDLE - ADJUSTABLE - THRD STUD TYPE 3/8-16 x 2.36 LG STAIN ST. REID # KHT-52 | 01-090-046-7
IMG_5885|HANDLES/LATCHES | 01-090-000 | HANDLE - ADJUSTABLE - THR'D STUD 3/8-16 x 1.00 LG - ST.ST. REID # JCL-291 | 01-090-047-7
IMG_5885|HANDLES/LATCHES | 01-090-000 | HANDLE - ADJ. - THERMOPLASTIC HANDLE 5/16-18 x .75 ST.ST. STUD REID # JCL-252 | 01-090-048-7
IMG_5885|HANDLES/LATCHES | 01-090-000 | HANDLE - ADJ. - THERMOPLASTIC HANDLE 5/16-18 x 1.50 ST.ST. STUD REID # JCL-256 | 01-090-049-7
IMG_5885|HANDLES/LATCHES | 01-090-000 | HANDLE - ADJ. - THERMOPLASTIC HANDLE 5/16-18 x 1.00 ST.ST. STUD REID # JCL-253 = KHT-84 | 01-090-050-7
IMG_5885|HANDLES/LATCHES | 01-090-000 | PLASTIC STANDARD DUTY PULL HANDLE 1/4-20 TAPPED HOLES ON 4 1/8 CENTERS VALUE GUIDE (SOLUS) CAT # VG-681-14 BLACK | 01-090-051-7
IMG_5885|HANDLES/LATCHES | 01-090-000 |" HANDLE - ADJUSTABLE - ST.ST. STUD TYPE 3/8-16 x 1.57"" STUD ESSENTRACOMPONENTS CAT N° KHA-9856 PG66 "| 01-090-052-7
IMG_5885|HANDLES/LATCHES | 01-090-000 | HANDLE - ADJUSTABLE - THERMOPLASTIC HANDLE 1/4-20 x .78 ST. STUD AND INSERT MONROE # MAL8100 | 01-90-053-7
IMG_5886|Category | BOM Number | Subcategory | Part Number/ID |
IMG_5886|HANDLES | | ADJUSTABLE - 3/8-16 x 1 3/16 MCMASTER # 6205K23 | 01-090-0547 |
IMG_5887|Category | BOM Number | Subcategory | Part Number/ID |
IMG_5887|HAND WHEEL | 1-091-000 |" ALUM. SPOKED HAND WHEEL DISHED TYPE 4"" O.D. WITH HANDLE MCMASTER # 6022K24 "| 1-091-001 |
IMG_5887|HAND WHEEL | 1-091-000 | ALUM HAND WHEEL-MODIFIED 1/2 BORE & M6-1.0 TAP ALTER 1-091-001 | 1-091-002 |
IMG_5887|HAND WHEEL | 1-091-000 | HANDWHEEL-DIAL POSITION INDICATOR SIKO NO. HST81-SSON-501-2-OG WITH 3/8 BORE | 01-091-003-1 |
IMG_5887|HAND WHEEL | 1-091-000 |" SIKO HANDWHEEL-DIAL POSITION INDICATOR SIKO NO. HK10 B-SSON-301-2 MG WITH 1/2"" BORE & SET SCREW "| 01-091-004-1 |
IMG_5887|HAND WHEEL | 1-091-000 |" SIKO HANDWHEEL-DIAL POSITION INDICATOR SIKO NO. HST 31-SSON-201-2-OG WITH 3/8"" BORE & SET SCREW "| 01-091-005-1 |
IMG_5887|HAND WHEEL | 1-091-000 | KIPP/ELESA ALUMINIUM HANDWHEEL WITH REVOLVING HANDLE / SEE PART NO. 30904 3.94 O.D. x 1/2 BORE / FOR MODIFICATION | 01-091-006-1 |
IMG_5887|HAND WHEEL | 1-091-000 | KIPP/ELESA ALUMINUM HANDWHEEL WITHOUT HANDLE PART NO. 30916 5.51 O.D. x .625 BORE | 01-091-007-1 |
IMG_5887|HAND WHEEL | 1-091-000 | ALUMINUM HANDWHEEL WITH SAFETY CLUTCH 200 O.D. - 12MM SHAFT SIZE - PULL POSITION KIPP/ELESA PART NO 30848 (NO HANDLE) OR WINCO 18KEC6/AE1 | 01-091-008-1 |
IMG_5887|HAND WHEEL | 1-091-000 |" HAND WHEEL-MODIFICATION (01-091-008-1) ADD 1/4""-20 TAP "| 01-091-009-1 |
IMG_5888|Category | BOM Number | Subcategory | Part Number/ID
IMG_5888|HANDWHEELS | |" SIKO HANDWHEEL ALUM. DIAL POSITION INDICATOR SIKO #HT-3-350W-BA-1-0 WITH 3/8"" BORE + SET SCREW *SAME AS 01-091-005-7 BUT IN ALUM. "| 01-091-010-7
IMG_5888|HANDWHEELS | | SIKO HANDWHEEL-DIAL POSITION INDICATOR SIKO# DA04-00-97 KENDALL'S SCREW FEEDER | 01-091-011-7
IMG_5888|HANDWHEELS | | REID ALUMINUM CRANK HANDLE WITH REVOLVING HANDLE REID CAT. # C7-40 | 01-091-012-7
IMG_5888|HANDWHEELS | |" ALUMINUM HANDWHEEL W/ SAFETY CLUTCH - WITHOUT HANDLE - 5.51"" DIA. x 14MM BORE W/ KEYWAY WINCO # 14KE691AZI "| 01-091-013-7
IMG_5888|HANDWHEELS | | POSITION INDICATOR - ANALOG/DIGITAL, 1:1 RATIO, PLASTIC (USE W/ -015-7 HUB) WINCO # EN 000.3-60-0001.0 - R | 01-091-014-7
IMG_5888|HANDWHEELS | | KNOB- POSITION INDICATOR - 12MM BORE (USE W/ -014-7) WINCO # EN 526.3-80-B12 | 01-091-015-7
IMG_5888|HANDWHEELS | |" SOLID BLACK PLASTIC HANDWHEEL MACHINABLE HUB - 10"" DIA. MCM. # 6140SK66 "| 01-091-016-7
IMG_5889|Category | BOM Number | Subcategory | Part Number/ID |
IMG_5889|HINGE-BUTT | 1-092-000 |" STAINLESS STEEL BLANK SURFACE HINGE 2"" OPEN WIDTH, 2"" JOINT LENGTH, .062"" THICK McMASTER CAT # 1624A12 "| 01-092-001-7 |
IMG_5889|HINGE-BUTT | 1-092-000 |" PLAIN STEEL FINISH LOOSE PIN HINGE 1 1/8"" OPEN WIDTH, 2 1/2"" LEAF HEIGHT, .064"" TH. DRILLED FOR NO. 8 SCREWS McMASTER # 1597A15 "| 01-092-002-7 |
IMG_5889|HINGE-BUTT | 1-092-000 |" STAINLESS STEEL UTILITY HINGE 1 1/2"" LEAF HT. - 3"" OPEN WIDTH - .080 THICK-304 ST.ST. #8 SCREW SIZE McMASTER # 1549A59 "| 01-092-003-7 |
IMG_5889|HINGE-BUTT | 1-092-000 | HINGE - NOLD # V4-633-GR (GRAY) | 01-092-004-7 |
IMG_5890|Category | BOM Number | Subcategory | Part Number/ID
IMG_5890|HINGE | 01-093-000 | HINGE - CONTINUOUS | 01-093-001-7
IMG_5890|HINGE | 01-093-000 |" HINGE - CONTINUOUS - STAIN. STEEL .040"" THICK x 1 1/2"" x 72""LG - 3/32 PIN "| SS040024
IMG_5890|HINGE | 01-093-000 |" HINGE - CONTINUOUS - STEEL .060"" THICK x 1 1/2"" x 72""LG - 1/8 PIN "| S063024
IMG_5890|HINGE | 01-093-000 |" HINGE - CONTINUOUS - STAIN. STEEL .080"" THICK x 2"" x 72""LG - 1/8 PIN "| SS062032
IMG_5890|HINGE | 01-093-000 |" HINGE - CONTINUOUS - STAIN. STEEL .060"" THICK x 1 1/2"" x 72""LG - 3/16 PIN "| SS065024
IMG_5890|HINGE | 01-093-000 |" HINGE - CONTINUOUS - STAIN. STEEL .060"" THICK x 1 1/2"" x 72""LG - 1/8 PIN "| SS062024
IMG_5890|HINGE | 01-093-000 |" HINGE - CONTINUOUS - STEEL .050"" THICK x 2"" x 72""LG - 1/8 PIN "| S052032
IMG_5890|HINGE | 01-093-000 |" HINGE - CONTINUOUS - STEEL .040"" THICK x 1 1/4"" x 72""LG - 3/32 PIN "| S040020
IMG_5890|HINGE | 01-093-000 |" HINGE - CONTINUOUS - STEEL .090"" THICK x 3"" x 72""LG - 1/4 PIN "| S093048
IMG_5890|HINGE | 01-093-000 |" HINGE - CONTINUOUS - STEEL .075"" THICK x 3"" x 72""LG - 1/4 PIN "| S076048
IMG_5890|HINGE | 01-093-000 |" HINGE - CONTINUOUS - STEEL .060"" THICK x 2"" x 96""LG - 1/8 PIN "| S063032
IMG_5890|HINGE | 01-093-000 |" HINGE - CONTINUOUS - STEEL .060"" THICK x 1 1/4 x 72""LG - 1/8 PIN "| S063020
IMG_5890|HINGE | 01-093-000 |" HINGE - CONTINUOUS - STAIN. STEEL .090"" THICK x 3"" x 72""LG - 1/4 PIN "| SS093048
IMG_5891|Category | BOM Number | Subcategory | Part Number/ID |
IMG_5891|HINGE | |" CONTINUOUS - STAIN. STEEL .040"" THICK x 1¼"" x 72""LG 3/32 PIN "| 01-093-013-7 |
IMG_5891|HINGE | |" CONTINUOUS - STEEL .060"" THICK x 2½"" x 96""LG 1/8 PIN "| 01-093-014-7 |
IMG_5891|HINGE | |" CONTINUOUS - STAIN. STEEL .078"" THICK x 3"" x 72""LG ¼ PIN "| 01-093-015-7 |
IMG_5891|HINGE | |" CONTINUOUS - STAIN. STEEL .060"" THICK x 2"" x 72""LG 3/16 PIN "| 01-093-016-7 |
IMG_5891|HINGE | |" CONTINUOUS - STAIN STEEL .060 THK X 3"" X 72""LG. 3/16 PIN "| 01-093-017-7 |
IMG_5891|HINGE | |" CONTINUOUS - STAIN. STEEL .060 THK X 2½"" X 72LG 3/16 PIN "| 01-093-018-7 |
IMG_5891|HINGE | |" CONTINUOUS - STAIN. STL .075"" THICK x 3"" x 72""LG - 3/16 PIN "| 01-093-019-7 |
IMG_5891|HINGE | |" CONTINUOUS - STAIN. STL .060"" THICK x 2½"" x 96""LG - 1/8 PIN "| 01-093-020-7 |
IMG_5891|HINGE | |" CONTINUOUS - STAIN. STL .060"" THICK x 1¼ x 72""LG - 1/8 PIN "| 01-093-021-7 |
IMG_5891|HINGE | |" CONTINUOUS - ST. ST. .060 TH. X 4"" - 1/8 PIN (2' LONG) MCMASTER # 1582A39 "| 01-093-022-7 |
IMG_5891|HINGE | |" CONTINUOUS - ST. ST. .060"" TH x 2"" x 1/8 PIN x 2' LG. MCMASTER # 1582A271 "| 01-093-023-7 |
IMG_5894|Category | BOM Number | Subcategory | Part Number/ID |
IMG_5894|INDICATORS | 01-094-500 | ANGLE INDICATOR - MOUNTABLE BASE 1 3/4 DIA. DIAL MCMASTER # 2155A11 | 01-094-501-7 |
IMG_5895|Category | BOM Number | Subcategory | Part Number/ID |
IMG_5895|UNIVERSAL JOINT | 1-095-000 |" UNIVERSAL JOINT UJNS SERIES 3/4"" BORE - 5"" OVERALL LG. BOSTON CAT NO. UJNS 12-12 "| 1-095-001 |
IMG_5895|UNIVERSAL JOINT | 1-095-000 |" SPICER #10242-7SF 1"" BORE - 1/4"" KEYWAY "| 01-095-002-7 |
IMG_5895|UNIVERSAL JOINT | 1-095-000 | MCMASTER NO. 6445K4 1/2 BORE - 7/8 BORE DEPT. - 13/16 JOINT OD 2 7/8 OVERALL LENGTH | 01-095-003-7 |
IMG_5895|UNIVERSAL JOINT | 1-095-000 |" CURTIS # CJ648B 5/8"" BORE (H WRAPPER - GENER LAP) "| 01-095-004-7 |
IMG_5895|UNIVERSAL JOINT | 1-095-000 |" BOSTON # J62B = MCMASTER #6493K46 5/16 BORE, 5/8 O.D., 2 1/4"" LG - STEEL "| 01-095-005-7 |
IMG_5895|UNIVERSAL JOINT | 1-095-000 | UNIVERSAL JOINT - BOSTON # J125B (ALLOY STEEL) 5/8 BORE, 1 1/4 HUB DIA., 3 3/4 OVERALL LENGTH | 01-095-006-7 |
IMG_5895|UNIVERSAL JOINT | 1-095-000 |" BOOT KIT FOR J125B ""U"" JOINT BOSTON CAT # UB125 "| 01-095-007-7 |
IMG_5896|Category | BOM Number | Subcategory | Part Number/ID |
IMG_5896|KNOBS | 1-096-000 | KNOB- STAINLESS STEEL PER DWG SPEC'S | 1-096-001-1 |
IMG_5896|KNOBS | 1-096-000 |" KNOB- 2"" DIA., 1 1/8 LG, 1/2 REAMED HOLE MCMASTER # 6121K58 "| 1-096-002-7 |
IMG_5896|KNOBS | 1-096-000 |" KNOB- OVAL 1 3/8 DIA. x 1 1/4"" LG WITH 5/16-18 THREAD BLACK PLASTIC- MCMASTER # 6050K14 "| 1-096-003-7 |
IMG_5896|KNOBS | 1-096-000 |" KNOB- BALL 1"" DIA. - 5/16-18 THD. BLACK PLASTIC MCMASTER # 6046K14 "| 1-096-004-7 |
IMG_5896|KNOBS | 1-096-000 | KNOB- ALUMINUM PER DWG. | 1-096-005-1 |
IMG_5896|KNOBS | 1-096-000 | KNOB- FOR POTENTIOMETER # 1-274-001 H.H.SMITH # 2220 (PESCO) | 1-096-006-7 |
IMG_5896|KNOBS | 1-096-000 | KNOB- FIVE LOBE PLASTIC REID KHY-40 3/8 REAMED HOLE (BRASS INSERT) KIPP/ELESA PART NO. 29623 | 1-096-007-7 |
IMG_5896|KNOBS | 1-096-000 |" KNOB- FOUR LOBE PLASTIC 1/2""-13 THROUGH HOLE BRASS INSERT REID CAT. NO. DK89 "| 01-096-008-7 |
IMG_5896|KNOBS | 1-096-000 | KNOB- FIVE LOBE PLASTIC 3/8 REAMED HOLE REID- KHY-65 KIPP/ELESA PART NO. 29632 | 01-096-009-7 |
IMG_5896|KNOBS | 1-096-000 |" KNOB- 6 LOBE PLASTIC 1/2"" REAMED HOLE REID KHY-70 ELESA PART # 29723 "| 01-096-010-7 |
IMG_5896|KNOBS | 1-096-000 | KNOB- KNURLED PLASTIC 1/4-20 THREADED INSERT REID CAT NO. DK-32 | 01-096-011-7 |
IMG_5898|Category | BOM Number | Subcategory | Part Number/ID |
IMG_5898|KNOBS | |" KNOB - REID #DKS-35 1/4-20x1/2""LG ST.ST. STUD "| 01-096-022-7 |
IMG_5898|KNOBS | | KNOB-BALL 13/8DIA BLACK PLASTIC 5/16-18 TAP REID# B-13 | 01-096-023-7 |
IMG_5898|KNOBS | | KNOB-INSTRUMENT INDICATOR 3/4Øx1/2Hx1/4HOLE MCMASTER # 6094-K72 | 01-096-024-7 |
IMG_5898|KNOBS | |" KNOB-PLASTIC 11/4 DIA x 3/4"" HIGH 1/4-20x3/4 STUD - MCM #6479K34 "| 01-096-025-7 |
IMG_5898|KNOBS | | KNOB-BALL 13/8DIA BLACK PLASTIC 3/8-16 TAP REID# B-6 | 01-096-026-7 |
IMG_5898|KNOBS | | KNOB-REID #DKS-71 1/4-20x1/2 LG. ST.ST. STUD | 01-096-027-7 |
IMG_5898|KNOBS | |" KNOB-1"" MOLDED HEX - FITS 1/4""Ø SHAFT RADIO SHACK CAT NO 274-416 "| 01-096-028-7 |
IMG_5898|KNOBS | | KNOB-4 PRONG PLASTIC-1/4-20 BRASS INSERT WITH THRU HOLE REID CAT NO DK-55 | 01-096-029-7 |
IMG_5898|KNOBS | | FLUTED PLASTIC KNOB 3/8-16 INSERT REID NO. DK-25 | 01-096-030-7 |
IMG_5898|KNOBS | | INSTRUMENT KNOB - REID # DK-1105 | 01-096-031-7 |
IMG_5898|KNOBS | | KNOB-5 LOBE PLASTIC M8x1.25 TAPPED BRASS INSERT KIPP/ELESA # 30143 | 01-096-032-7 |
IMG_5898|KNOBS | | KNOB-BLACK PHENOLIC-BRASS INSERT #10-32 THRD REID # DK-558 | 01-096-033-7 |
IMG_5898|KNOBS | | KNOB-BLACK PHENOLIC-BRASS INSERT 1/4-20 REID DK-159 | 01-096-034-7 |
IMG_5899|Category | BOM Number | Subcategory | Part Number/ID |
IMG_5899|KNOBS | | KNURLED KNOB - STAINLESS STEEL 3/4 O.D. x 5/8 LG WITH #10-32 TAP x .38 DP REID # SKKT-0A | 01-096-035-7 |
IMG_5899|KNOBS | | KNOB (KNURLED HEAD NUT - STAIN. ST'L) 1/4-20 THREAD REID # SKN-75 | 01-096-036-7 |
IMG_5899|KNOBS | | KNOB - FLUTED PLASTIC 1 3/4 O.D. x 1 1/16 LG W/ 5/16-18 x 3/4 STL STUD REID DK-26 | 01-096-037-7 |
IMG_5899|KNOBS | | KNOB - 5 LOBE SOLID BLK PHENOLIC-ST.ST. STUD 1.97 O.D. - 3/8-16 x 1.50 LG STUD REID CAT # KHY-440 | 01-096-038-7 |
IMG_5899|KNOBS | |" KNOB - 5 LOBE SOLID BLK PHENOLIC-ST.ST STUD 1.57 O.D. - 5/16-18 x 1"" LG STUD REID CAT # KHY-420 MCM # 5998K95 "| 01-096-039-7 |
IMG_5899|KNOBS | |" REID - 4 LOBE SOLID BLK PHENOLIC-ST.ST.STUD 2 1/4 O.D. - 3/8-16 x 2"" LG ST.ST STUD REID CAT # DKS-98 "| 01-096-040-7 |
IMG_5899|KNOBS | |" KNOB - 4 LOBE ALUM - 5/16-18 x 1.75"" STUD MCMASTER # 6085K130 "| 01-096-041-7 |
IMG_5899|KNOBS | |" KNOB - 4 ARM GRIP. BLACK NYLON - 5/16-18 x 1"" STUD - ST. ST. MCMASTER # 5993K95 "| 01-096-042-7 |
IMG_5900|Category | BOM Number | Subcategory | Part Number/ID |
IMG_5900|LOCKS | |" LAMINATED STEEL PADLOCK - STANDARD 4 PIN SHACKLE DIA: 9/32"", WIDTH: 1 1/4"", HEIGHT: 1 9/16"", MCMASTER NO. 1176A13 "| 01-097-001-7 |
IMG_5900|LOCKS | | CAM LOCK - 3/4 DIA. MTG HOLE - 3/4 MAX GAP THICK, MCMASTER # 1770A522 | 01-097-002-7 |
IMG_5900|LOCKS | | CAM LOCK - 3/4 DIA. MTG HOLE - 1/4 MAX GAP THICK, 5/8 MAX DRAWER THICK, MCMASTER # 1770A557 | 01-097-003-7 |
IMG_5900|LOCKS | | HASP - PADLOCKABLE & STRIKE PLATE - ST.ST. MCMASTER # 1304A32 | 01-097-004-7 |
IMG_5901|Category | BOM Number | Subcategory | Part Number/ID |
IMG_5901|MAGNET | 1-098-000 | POT TYPE ALNICO MAGNET APPROX 6 LB. PULL, 1/4-20 THREADED HOLE, 1/8 E.P. 1 1/8 DIA. x 5/8 HT. GENERAL CATL. # 374A MC MASTER CATL. # 5854K1 | 1-098-001 |
IMG_5901|MAGNET | 1-098-000 | CUSHION ACTION MAGNETIC CATCH MC MASTER #1612 A15 | 1-098-002 |
IMG_5901|MAGNET | 1-098-000 | MAGNETIC CATCH - HEAVY DUTY MC MASTER # 1672A12 | 1-098-003 |
IMG_5901|MAGNET | 1-098-000 | MAGNETIC - ATC # 70611Z501 (REPLACED SW. # 1-305-002) | 1-098-004 |
IMG_5902|Category | BOM Number | Subcategory | Part Number/ID |
IMG_5902|MUFFLER | 01-100-000 | COMBINATION MUFFLER/FILTER MCMASTER # 4450K20 | 01-100-001-7 |
IMG_5902|MUFFLER | 01-100-000 | SPEED CONTROL MUFFLER 1/4NPT MCMASTER # 9834K12 | 01-100-002-7 |
IMG_5902|MUFFLER | 01-100-000 | PIAB MUFFLER FOR PUMP MODEL M125 FOREX STANDARD FLOW (STD) - 1/2NPT | 01-100-003-7 |
IMG_5902|MUFFLER | 01-100-000 | PIAB MUFFLER FOR PUMP MODEL L125 FOREX STANDARD FLOW (STD) - 3/4NPT | 01-100-004-7 |
IMG_5902|MUFFLER | 01-100-000 |" COMBINATION MUFFLER/FILTER - MCMASTER 4450K1 1/8 PIPE SIZE - 1/8""-1/4""-3/8"" "| 01-100-005-7 |
IMG_5902|MUFFLER | 01-100-000 | MUFFLER - 1/8 NPT PARKER # N-125 | 01-100-006-7 |
IMG_5902|MUFFLER | 01-100-000 | MUFFLER - 1/4 NPT MCMASTER-CARR 4450K2 | 01-100-007-7 |
IMG_5903|Category | BOM Number | Subcategory | Part Number/ID |
IMG_5903|HOSE NIPPLES (STEMS) | 1-101-000 | Brass Hose Nipples | 1-101-001 |
IMG_5903|HOSE NIPPLES (STEMS) | 1-101-000 | Brass Hose Nipples | 1-101-002 |
IMG_5903|HOSE NIPPLES (STEMS) | 1-101-000 | Brass Hose Nipples | 1-101-003 |
IMG_5903|HOSE NIPPLES (STEMS) | 1-101-000 | Brass Hose Nipples | 1-101-004 |
IMG_5903|HOSE NIPPLES (STEMS) | 1-101-000 | Brass Hose Nipples | 1-101-005 |
IMG_5903|HOSE NIPPLES (STEMS) | 1-101-000 | Brass Hose Nipples | 1-101-006 |
IMG_5903|HOSE NIPPLES (STEMS) | 1-101-000 | Brass Hose Nipples | 1-101-007 |
IMG_5903|HOSE NIPPLES (STEMS) | 1-101-000 | Brass Hose Nipples | 1-101-008 |
IMG_5903|HOSE NIPPLES (STEMS) | 1-101-000 | Brass Hose Nipples | 1-101-009 |
IMG_5903|HOSE NIPPLES (STEMS) | 1-101-000 | Brass Hose Nipples | 1-101-010 |
IMG_5903|HOSE NIPPLES (STEMS) | 1-101-000 | Brass Hose Nipples | 1-101-011 |
IMG_5903|HOSE NIPPLES (STEMS) | 1-101-000 | Brass Hose Nipples | 1-101-012 |
IMG_5903|HOSE NIPPLES (STEMS) | 1-101-000 | Brass Hose Nipples | 1-101-013 |
IMG_5903|HOSE NIPPLES (STEMS) | 1-101-000 | Brass Hose Nipples | 1-101-014 |
IMG_5903|HOSE NIPPLES (STEMS) | 1-101-000 | Brass Hose Nipples | 1-101-015 |
IMG_5903|HOSE NIPPLES (STEMS) | 1-101-000 | Brass Hose Nipples | 1-101-016 |
IMG_5903|HOSE NIPPLES (STEMS) | 1-101-000 | Female Nipples | 01-101-017-7 |
IMG_5903|HOSE NIPPLES (STEMS) | 1-101-000 | Female Nipples | 01-101-018-7 |
IMG_5903|HOSE NIPPLES (STEMS) | 1-101-000 | Female Nipples | 01-101-019-7 |
IMG_5903|HOSE NIPPLES (STEMS) | 1-101-000 | Female Nipples | 01-101-020-7 |
IMG_5903|HOSE NIPPLES (STEMS) | 1-101-000 | Female Nipples | 01-101-021-7 |
IMG_5903|HOSE NIPPLES (STEMS) | 1-101-000 | Female Nipples | 01-101-022-7 |
IMG_5903|HOSE NIPPLES (STEMS) | 1-101-000 | Female Nipples | 01-101-023-7 |
IMG_5904|Category | BOM Number | Subcategory | Part Number/ID |
IMG_5904|HOSE NIPPLES (STEMS) | 1-101-000 |" 3/4 HOSE ID x 1/2"" MALE NPT NYLON MCMASTER # 5372K132 "| 01-101-050-7 |
IMG_5904|HOSE NIPPLES (STEMS) | 1-101-000 |" 5/8 HOSE ID x 1/2"" MALE NPT NYLON MCMASTER # 5372K128 "| 01-101-051-7 |
IMG_5904|HOSE NIPPLES (STEMS) | 1-101-000 |" 1"" HOSE ID x 3/4"" MALE NPT NYLON MCMASTER # 5372K134 "| 01-101-052-7 |
IMG_5904|HOSE NIPPLES (STEMS) | 1-101-000 |" 90° ELBOW 3/4 HOSE ID TO 3/4"" MALE NPT NYLON MCMASTER # 5372K333 "| 01-101-053-7 |
IMG_5904|HOSE NIPPLES (STEMS) | 1-101-000 |" 90° ELBOW 5/8 HOSE ID TO 1/2"" MALE NPT NYLON MCM. # 5372K328 "| 01-101-054-7 |
IMG_5904|HOSE NIPPLES (STEMS) | 1-101-000 | 1/2 HOSE I.D. x 3/4 MALE NPT - NYLON MCMASTER # 5372K126 | 01-101-055-7 |
IMG_5904|HOSE NIPPLES (STEMS) | 1-101-000 | 90° ELBOW 1/2 HOSE I.D. x 3/4 MALE NPT - NYLON MCMASTER # 5372K326 | 01-101-056-7 |
IMG_5904|HOSE NIPPLES (STEMS) | 1-101-000 |" 1/2"" HOSE I.D. x 1/2 MALE NPT - NYLON MCMASTER # 5372K125 "| 01-101-057-7 |
IMG_5904|HOSE NIPPLES (STEMS) | 1-101-000 |" PARKER MALE CONNECTOR # 27-2 1/4""OD. x 1/8 I.D. TUBE (VINYL) # 10-32 STRAIGHT THREAD "| 01-101-058-7 |
IMG_5904|HOSE NIPPLES (STEMS) | 1-101-000 | PARKER HOSE BARB FITTING # 125HB-2-2 1/8 HOSE I.D. - 1/8 MALE PIPE THR'D | 01-101-059-7 |
IMG_5904|HOSE NIPPLES (STEMS) | 1-101-000 | 90° ELBOW - NYLON 3/4 HOSE I.D x 1/2 MALE NPT MCMASTER # 5372K329 | 01-101-060-7 |
IMG_5904|HOSE NIPPLES (STEMS) | 1-101-000 |" 5/8 HOSE ID x 3/4"" MALE NPT NYLON MCMASTER # 5372K332 90° ELBOW "| 01-101-061-7 |
IMG_5905|Category | BOM Number | Subcategory | Part Number/ID
IMG_5905|HOSE NIPPLES | 01-101-000 |" STRAIGHT - 1/16"" NPT x 1/12"" ID TUBE - NYLON McMASTER # 5372K151 "| 01-101-062-7
IMG_5905|HOSE NIPPLES | 01-101-000 | 90° - 1/8 NPT x 1/4 ID TUBE - BRASS McM. # 44555K149 (FOR VACUUM) | 01-101-063-7
IMG_5905|HOSE NIPPLES | 01-101-000 | 90° ELBOW 3/8 I.D. HOSE x 1/4 MPT (BRASS) McM #53525K17 | 01-101-064-7
IMG_5905|HOSE NIPPLES | 01-101-000 | STRAIGHT - 3/4 NPT x 5/8 I.D. HOSE McM #5372K155 | 01-101-065-7
IMG_5905|HOSE NIPPLES | 01-101-000 |" BRASS BARBED ELBOW-90° FOR 1/4"" I.D. HOSE x 1/8 NPT MALE PIPE-McMASTER #53525K11 "| 01-101-066-7
IMG_5905|HOSE NIPPLES | 01-101-000 | STRAIGHT- 1/8NPT x 1/4 ID TUBE - BRASS McMASTER # 44555K131 (FOR VACUUM) | 01-101-067-7
IMG_5939|Category | BOM Number | Subcategory | Part Number/ID |
IMG_5939|PADS - LEVELING | 1-104-000 | VLIER TOGGLE PAD CAT NO NP-312 1-8 THREAD WITH DELRIN PAD | 01-104-001-7 |
IMG_5939|PADS - LEVELING | 1-104-000 | VLIER LEVELING PAD - SOCKET TYPE 5/8-11 STAINLESS STEEL CAT NO. SSP309B | 01-104-002-7 |
IMG_5939|PADS - LEVELING | 1-104-000 | VLIER LEVELING PAD - SOC. TYPE 5/8-11 STEEL (ZINC PLATE, GOLD IRIDITE) CAT NO P308B | 01-104-003-7 |
IMG_5939|PADS - LEVELING | 1-104-000 | REID LEVELING PAD - SOC TYPE 3/4-10 STEEL (ZINC PLATE, GOLD IRIDITE) CAT NO L3 | 01-104-004-7 |
IMG_5939|PADS - LEVELING | 1-104-000 | NOLU PLASTICS INC LEVELING PAD 1-8 STEEL (ZINC PLATED) PART NUMBER 37687 NEW NUMBER V48184-01-P100-L7 | 01-104-005-7 |
IMG_5939|PADS - LEVELING | 1-104-000 | REID LEVELING PAD - SOC. TYPE 3/4-10 STAINLESS STEEL CAT # L-388 | 01-104-006-7 |
IMG_5939|PADS - LEVELING | 1-104-000 |" NOLU ADJUSTABLE FOOT 1/2-13 THD x 3/4""LG x 2-1/2""LG CODE # 37619 (WITH ANTIVIBRATION PAD) "| 01-104-007-7 |
IMG_5939|PADS - LEVELING | 1-104-000 | LEVELING PAD DELRIN SOCKET TYPE 5/8-11 REID NO. LD-2 | 01-104-008-7 |
IMG_5939|PADS - LEVELING | 1-104-000 | LEVELING PAD DELRIN SOCKET TYPE 3/4-10 REID NO. LD-3 | 01-104-009-7 |
IMG_5939|PADS - LEVELING | 1-104-000 |" LEVELING PAD - NOLU PLASTICS INC 3/4-10 (ZINC PLATED) x 5.91""LG L=6.34"" PART NO 37632 "| 01-104-010-7 |
IMG_5941|Category | BOM Number | Subcategory | Part Number/ID |
IMG_5941|LEVELING PAD | 01-104-011-7 |" NOLU PLASTICS 3/4-10 THREAD (ZINC PLATED) L = 7.69"" "| 37623 |
IMG_5941|LEVELING PAD | 01-104-012-7 |" NOLU PLASTICS 1-8 x THREAD (ZINC PLATED) L = 9.95"" "| 37132 |
IMG_5941|LEVELING PAD | 01-104-013-7 |" NOLU PLASTICS 3/4-10 x 7.69"" LG (STAINLESS STEEL) L = 7.69 "| 37847 |
IMG_5941|LEVELING PAD | 01-104-014-7 | NOLU PLASTICS USDA APPROVED PLASTIC BASE S.S. SPINDLE 3/4-10 L = 7.32 | 68473 |
IMG_5941|LEVELING PAD | 01-104-015-7 | NOLU PLASTICS USDA APPROVED PLASTIC BASE S.S. SPINDLE 3/4-10 L = 7.50 | 68035 |
IMG_5941|LEVELING PAD | 01-104-016-7 | NOLU PLASTICS 3/4-10 THRD L = 9.49 ZINC PLATED | 38769 |
IMG_5941|THREADED TUBE END | 01-104-017-7 |" FOR 1 1/2"" SQ x .120 WALL TUBE 1/2-13 THREAD "| 34405 |
IMG_5941|THREADED TUBE END | 01-104-018-7 |" FOR 2"" SQ x .065 WALL TUBE 1/2-13 THREAD "| 34255 |
IMG_5942|Category | BOM Number | Subcategory | Part Number/ID
IMG_5942|PADS-LEVELING | 01-104-000 | THREADED TUBE END FOR 1½ SQ x .120 WALL TUBE 3/4-10 THREAD NOLU #34407 > VG-553-B34 | 01-104-019-7
IMG_5942|PADS-LEVELING | 01-104-000 |" LEVELING PAD - NOLU #38070, OR EQUAL ½-13 THR'D - 3.15 DIA. - 5.93"" HIGH (ZINC PLATED) VG-505-02-P12-L5 "| 01-104-020-7
IMG_5942|PADS-LEVELING | 01-104-000 |" LEVELING PAD - NOLU # VG-511-03-S34-L5 3/4-10 THR'D - SP. ST. - 4"" DIA - ONE LAG HOLE 0.20"" HIGH "| 01-104-021-7
IMG_5942|PADS-LEVELING | 01-104-000 | POST CAP - SIDE MOUNTED - FOR 1½ SQ. TUBE NOLU # VG-305SQ-T.150 | 01-104-022-7
IMG_5942|PADS-LEVELING | 01-104-000 | CONNECTOR FOR SQ TUBING (1½ SQ x .120 WALL) NOLU # VG-C115 | 01-104-023-7
IMG_5942|PADS-LEVELING | 01-104-000 |" THREADED TUBE END FOR 1½"" SQ x .120 WALL TUBE 5/8-11 THREAD NOLU # VG-553-B58 "| 01-104-024-7
IMG_5942|PADS-LEVELING | 01-104-000 |" THREADED TUBE END FOR 2"" SQ x .120 WALL TUBE 3/4-10 THREAD NOLU # VG-556-B34 "| 01-104-025-7
IMG_5942|PADS-LEVELING | 01-104-000 |" THREADED TUBE END FOR 1½"" SQ x .065"" WALL TUBE ½-13 THREAD NOLU # VG-552-B12 "| 01-104-026-7
IMG_5942|PADS-LEVELING | 01-104-000 | LEVELING PAD NOLU # VG-505-02-P58-L5 5/8-11 THR'D - 3.15 DIA. - 5.93 HIGH - ZINC PLATED VENDOR - SOLVS (CAT. VOL. 3 PG 203) | 01-104-027-7
IMG_5890|Category | BOM Number | Subcategory | Part Number/ID | Paul Moore # Specify Length |
IMG_5890|Hinge-Continuous | 01-093-000 |" Hinge-Continuous-Stain. Steel .040"" Thick x 1 1/2"" x 72""LG-3/32 Pin "| 01-093-001-7 | 55040024 |
IMG_5890|Hinge-Continuous | 01-093-000 |" Hinge-Continuous-Steel .060"" Thick x 1 1/2"" x 72""LG-1/8 Pin "| 01-093-002-7 | 5063024 |
IMG_5890|Hinge-Continuous | 01-093-000 |" Hinge-Continuous-Stain. Steel .060"" Thick x 2"" x 72""LG 1/8 Pin "| 01-093-003-7 | 55062032 |
IMG_5890|Hinge-Continuous | 01-093-000 |" Hinge-Continuous-Stain. Steel .060"" Thick x 1 1/2"" x 72""LG-3/16 Pin "| 01-093-004-7 | 55065024 |
IMG_5890|Hinge-Continuous | 01-093-000 |" Hinge-Continuous-Stain. Steel .060"" Thick x 1 1/2"" x 72""LG-1/8 Pin "| 01-093-005-7 | 55062024 |
IMG_5890|Hinge-Continuous | 01-093-000 |" Hinge-Continuous-Steel .050"" Thick x 2"" x 72""LG-1/8 Pin "| 01-093-006-7 | 5052032 |
IMG_5890|Hinge-Continuous | 01-093-000 |" Hinge-Continuous-Steel .040"" Thick x 1 1/4"" x 72""LG-3/32 Pin "| 01-093-007-7 | 5040020 |
IMG_5890|Hinge-Continuous | 01-093-000 |" Hinge-Continuous-Steel .090"" Thick x 3"" x 72""LG-1/4 Pin "| 01-093-008-7 | 5093048 |
IMG_5890|Hinge-Continuous | 01-093-000 |" Hinge-Continuous-Steel .075"" Thick x 3"" x 72""LG-1/4 Pin "| 01-093-009-7 | 5076048 |
IMG_5890|Hinge-Continuous | 01-093-000 |" Hinge-Continuous-Steel .060"" Thick x 2"" x 96""LG-1/8 Pin "| 01-093-010-7 | 5063032 |
IMG_5890|Hinge-Continuous | 01-093-000 |" Hinge-Continuous-Steel .060"" Thick x 1 1/4 x 72""LG-1/8 Pin "| 01-093-011-7 | 5063020 |
IMG_5890|Hinge-Continuous | 01-093-000 |" Hinge-Continuous-Stain. Steel .090"" Thick x 3"" x 72""LG-1/4 Pin "| 01-093-012-7 | 55093048 |
IMG_5891|Category | BOM Number | Subcategory | Part Number/ID | Paul Moore # Specify Length
IMG_5891|Hinge-Continuous | 01-093-013 |" Hinge-Continuous-Stain. Steel .040"" Thick x 1 1/2 x 72""LG 3/32 Pin "| 01-093-013-7 | 55040020
IMG_5891|Hinge-Continuous | 01-093-014 |" Hinge-Continuous-Steel .060"" Thick x 2 1/2"" x 96""LG 1/8 Pin "| 01-093-014-7 | 5063040
IMG_5891|Hinge-Continuous | 01-093-015 |" Hinge-Continuous-Stain. Steel .078"" Thick x 3"" x 72""LG 1/4 Pin "| 01-093-015-7 | 55076048
IMG_5891|Hinge-Continuous | 01-093-016 |" Hinge-Continuous-Stain. Steel .060"" Thick x 2"" x 72""LG 3/16 Pin "| 01-093-016-7 | 55065032
IMG_5891|Hinge-Continuous | 01-093-017 |" Hinge-Continuous-Stain Steel .060 THK X 3"" x 72""LG. 3/16 Pin "| 01-093-017-7 | 55065048
IMG_5891|Hinge-Continuous | 01-093-018 |" Hinge-Continuous-Stain. Steel .060 THK x 2 1/2"" x 72 LG 3/16 Pin "| 01-093-018-7 | 55065040
IMG_5891|Hinge-Continuous | 01-093-019 |" Hinge-Continuous-Stain. STL .075"" Thick x 3"" x 72""LG - 3/16 Pin "| 01-093-019-7 | 55074048
IMG_5891|Hinge-Continuous | 01-093-020 |" Hinge-Continuous-Stain. STL .060"" Thick x 2 1/2"" x 96""LG - 1/8 Pin "| 01-093-020-7 | 55062040
IMG_5891|Hinge-Continuous | 01-093-021 |" Hinge-Continuous-Stain. STL .060"" Thick x 1 1/4 x 72""LG - 1/8 Pin "| 01-093-021-7 | MCMASTER #1582A319 55062020
IMG_5891|Hinge-Continuous | 01-093-022 |" Hinge-Continuous-ST. ST. .060 TH. x 4"" - 1/8 Pin (2' Long) MCMASTER #1582A89 "| 01-093-022-7 | Illegible
IMG_5891|Hinge-Continuous | 01-093-023 |" Hinge-Continuous-ST. ST. .060"" TH x 2"" x 1/8 Pin x 2' LG. MCMASTER #1582A271 "| 01-093-023-7 | Illegible
IMG_5906|Category | BOM Number | Length (in.) | Part No.
IMG_5906|1/8 N.P.T. Black Iron Nipples | 3-089-00 (To 3-089-049) | Close 3/4 | 001
IMG_5906|1/8 N.P.T. Black Iron Nipples | 3-089-00 (To 3-089-049) | 1 1/2 | 002
IMG_5906|1/8 N.P.T. Black Iron Nipples | 3-089-00 (To 3-089-049) | 2 | 003
IMG_5906|1/8 N.P.T. Black Iron Nipples | 3-089-00 (To 3-089-049) | 2 1/2 | 004
IMG_5906|1/8 N.P.T. Black Iron Nipples | 3-089-00 (To 3-089-049) | 3 | 005
IMG_5906|1/8 N.P.T. Black Iron Nipples | 3-089-00 (To 3-089-049) | 3 1/2 | 006
IMG_5906|1/8 N.P.T. Black Iron Nipples | 3-089-00 (To 3-089-049) | 4 | 007
IMG_5906|1/8 N.P.T. Black Iron Nipples | 3-089-00 (To 3-089-049) | 4 1/2 | 008
IMG_5906|1/8 N.P.T. Black Iron Nipples | 3-089-00 (To 3-089-049) | 5 | 009
IMG_5906|1/8 N.P.T. Black Iron Nipples | 3-089-00 (To 3-089-049) | 5 1/2 | 010
IMG_5906|1/8 N.P.T. Black Iron Nipples | 3-089-00 (To 3-089-049) | 6 | 011
IMG_5906|1/8 N.P.T. Black Iron Nipples | 3-089-00 (To 3-089-049) | 7 | 012
IMG_5906|1/8 N.P.T. Black Iron Nipples | 3-089-00 (To 3-089-049) | 8 | 013
IMG_5906|1/8 N.P.T. Black Iron Nipples | 3-089-00 (To 3-089-049) | 9 | 014
IMG_5906|1/8 N.P.T. Black Iron Nipples | 3-089-00 (To 3-089-049) | 10 | 015
IMG_5906|1/8 N.P.T. Black Iron Nipples | 3-089-00 (To 3-089-049) | 11 | 016
IMG_5906|1/8 N.P.T. Black Iron Nipples | 3-089-00 (To 3-089-049) | 12 | 017
IMG_5906|1/8 N.P.T. Black Iron Nipples | 3-089-00 (To 3-089-049) | 13 | 018
IMG_5906|1/8 N.P.T. Black Iron Nipples | 3-089-00 (To 3-089-049) | 14 | 019
IMG_5906|1/8 N.P.T. Black Iron Nipples | 3-089-00 (To 3-089-049) | 15 | 020
IMG_5906|1/8 N.P.T. Black Iron Nipples | 3-089-00 (To 3-089-049) | 16 | 021
IMG_5906|1/8 N.P.T. Black Iron Nipples | 3-089-00 (To 3-089-049) | 17 | 022
IMG_5906|1/8 N.P.T. Black Iron Nipples | 3-089-00 (To 3-089-049) | 18 | 023
IMG_5906|1/8 N.P.T. Black Iron Nipples | 3-089-00 (To 3-089-049) | 19 | 024
IMG_5906|1/8 N.P.T. Black Iron Nipples | 3-089-00 (To 3-089-049) | 20 | 025
IMG_5906|1/8 N.P.T. Black Iron Nipples | 3-089-00 (To 3-089-049) | 21 | 026
IMG_5906|1/8 N.P.T. Black Iron Nipples | 3-089-00 (To 3-089-049) | 22 | 027
IMG_5906|1/8 N.P.T. Black Iron Nipples | 3-089-00 (To 3-089-049) | 23 | 028
IMG_5906|1/8 N.P.T. Black Iron Nipples | 3-089-00 (To 3-089-049) | 24 | 029
IMG_5906|1/8 N.P.T. Black Iron Nipples | 3-089-00 (To 3-089-049) | 25 | 030
IMG_5906|1/8 N.P.T. Black Iron Nipples | 3-089-00 (To 3-089-049) | 26 | 031
IMG_5906|1/8 N.P.T. Black Iron Nipples | 3-089-00 (To 3-089-049) | 27 | 032
IMG_5906|1/8 N.P.T. Black Iron Nipples | 3-089-00 (To 3-089-049) | 28 | 033
IMG_5906|1/8 N.P.T. Black Iron Nipples | 3-089-00 (To 3-089-049) | 29 | 034
IMG_5906|1/8 N.P.T. Black Iron Nipples | 3-089-00 (To 3-089-049) | 30 | 035
IMG_5906|1/8 N.P.T. Black Iron Nipples | 3-089-00 (To 3-089-049) | 31 | 036
IMG_5906|1/8 N.P.T. Black Iron Nipples | 3-089-00 (To 3-089-049) | 32 | 037
IMG_5906|1/8 N.P.T. Black Iron Nipples | 3-089-00 (To 3-089-049) | 33 | 038
IMG_5906|1/8 N.P.T. Black Iron Nipples | 3-089-00 (To 3-089-049) | 34 | 039
IMG_5906|1/8 N.P.T. Black Iron Nipples | 3-089-00 (To 3-089-049) | 35 | 040
IMG_5906|1/8 N.P.T. Black Iron Nipples | 3-089-00 (To 3-089-049) | 36 | 041
IMG_5906|1/8 N.P.T. Black Iron Nipples | 3-089-00 (To 3-089-049) | 37 | 042
IMG_5906|1/8 N.P.T. Black Iron Nipples | 3-089-00 (To 3-089-049) | 38 | 043
IMG_5906|1/8 N.P.T. Black Iron Nipples | 3-089-00 (To 3-089-049) | 39 | 044
IMG_5906|1/8 N.P.T. Black Iron Nipples | 3-089-00 (To 3-089-049) | 40 | 045
IMG_5906|1/8 N.P.T. Black Iron Nipples | 3-089-00 (To 3-089-049) | 41 | 046
IMG_5906|1/8 N.P.T. Black Iron Nipples | 3-089-00 (To 3-089-049) | 42 | 047
IMG_5906|1/8 N.P.T. Black Iron Nipples | 3-089-00 (To 3-089-049) | 43 | 048
IMG_5906|1/8 N.P.T. Black Iron Nipples | 3-089-00 (To 3-089-049) | 44 | 049
IMG_5907|Category | BOM Number | Length (in.) | Part No.
IMG_5907|Standard N.P.T. Brass Nipples | 1-102-050 To 1-102-099 | Close 3/4 | 051
IMG_5907|Standard N.P.T. Brass Nipples | 1-102-050 To 1-102-099 | 1 1/2 | 052
IMG_5907|Standard N.P.T. Brass Nipples | 1-102-050 To 1-102-099 | 2 | 053
IMG_5907|Standard N.P.T. Brass Nipples | 1-102-050 To 1-102-099 | 2 1/2 | 054
IMG_5907|Standard N.P.T. Brass Nipples | 1-102-050 To 1-102-099 | 3 | 055
IMG_5907|Standard N.P.T. Brass Nipples | 1-102-050 To 1-102-099 | 3 1/2 | 056
IMG_5907|Standard N.P.T. Brass Nipples | 1-102-050 To 1-102-099 | 4 | 057
IMG_5907|Standard N.P.T. Brass Nipples | 1-102-050 To 1-102-099 | 4 1/2 | 058
IMG_5907|Standard N.P.T. Brass Nipples | 1-102-050 To 1-102-099 | 5 | 059
IMG_5907|Standard N.P.T. Brass Nipples | 1-102-050 To 1-102-099 | 5 1/2 | 060
IMG_5907|Standard N.P.T. Brass Nipples | 1-102-050 To 1-102-099 | 6 | 061
IMG_5907|Standard N.P.T. Brass Nipples | 1-102-050 To 1-102-099 | 7 | 062
IMG_5907|Standard N.P.T. Brass Nipples | 1-102-050 To 1-102-099 | 8 | 063
IMG_5907|Standard N.P.T. Brass Nipples | 1-102-050 To 1-102-099 | 9 | 064
IMG_5907|Standard N.P.T. Brass Nipples | 1-102-050 To 1-102-099 | 10 | 065
IMG_5907|Standard N.P.T. Brass Nipples | 1-102-050 To 1-102-099 | 11 | 066
IMG_5907|Standard N.P.T. Brass Nipples | 1-102-050 To 1-102-099 | 12 | 067
IMG_5907|Standard N.P.T. Brass Nipples | 1-102-050 To 1-102-099 | 13 | 068
IMG_5907|Standard N.P.T. Brass Nipples | 1-102-050 To 1-102-099 | 14 | 069
IMG_5907|Standard N.P.T. Brass Nipples | 1-102-050 To 1-102-099 | 15 | 070
IMG_5907|Standard N.P.T. Brass Nipples | 1-102-050 To 1-102-099 | 16 | 071
IMG_5907|Standard N.P.T. Brass Nipples | 1-102-050 To 1-102-099 | 17 | 072
IMG_5907|Standard N.P.T. Brass Nipples | 1-102-050 To 1-102-099 | 18 | 073
IMG_5907|Standard N.P.T. Brass Nipples | 1-102-050 To 1-102-099 | 19 | 074
IMG_5907|Standard N.P.T. Brass Nipples | 1-102-050 To 1-102-099 | 20 | 075
IMG_5907|Standard N.P.T. Brass Nipples | 1-102-050 To 1-102-099 | 21 | 076
IMG_5907|Standard N.P.T. Brass Nipples | 1-102-050 To 1-102-099 | 22 | 078
IMG_5907|Standard N.P.T. Brass Nipples | 1-102-050 To 1-102-099 | 23 | 079
IMG_5907|Standard N.P.T. Brass Nipples | 1-102-050 To 1-102-099 | 24 | 080
IMG_5907|Standard N.P.T. Brass Nipples | 1-102-050 To 1-102-099 | 25 | 081
IMG_5907|Standard N.P.T. Brass Nipples | 1-102-050 To 1-102-099 | 26 | 082
IMG_5907|Standard N.P.T. Brass Nipples | 1-102-050 To 1-102-099 | 27 | 083
IMG_5907|Standard N.P.T. Brass Nipples | 1-102-050 To 1-102-099 | 28 | 084
IMG_5907|Standard N.P.T. Brass Nipples | 1-102-050 To 1-102-099 | 29 | 085
IMG_5907|Standard N.P.T. Brass Nipples | 1-102-050 To 1-102-099 | 30 | 086
IMG_5907|Standard N.P.T. Brass Nipples | 1-102-050 To 1-102-099 | 31 | 087
IMG_5907|Standard N.P.T. Brass Nipples | 1-102-050 To 1-102-099 | 32 | 088
IMG_5907|Standard N.P.T. Brass Nipples | 1-102-050 To 1-102-099 | 33 | 089
IMG_5907|Standard N.P.T. Brass Nipples | 1-102-050 To 1-102-099 | 34 | 090
IMG_5907|Standard N.P.T. Brass Nipples | 1-102-050 To 1-102-099 | 35 | 091
IMG_5907|Standard N.P.T. Brass Nipples | 1-102-050 To 1-102-099 | 36 | 092
IMG_5907|Standard N.P.T. Brass Nipples | 1-102-050 To 1-102-099 | 37 | 093
IMG_5907|Standard N.P.T. Brass Nipples | 1-102-050 To 1-102-099 | 38 | 094
IMG_5907|Standard N.P.T. Brass Nipples | 1-102-050 To 1-102-099 | 39 | 095
IMG_5907|Standard N.P.T. Brass Nipples | 1-102-050 To 1-102-099 | 40 | 096
IMG_5907|Standard N.P.T. Brass Nipples | 1-102-050 To 1-102-099 | 41 | 097
IMG_5907|Standard N.P.T. Brass Nipples | 1-102-050 To 1-102-099 | 42 | 098
IMG_5907|Standard N.P.T. Brass Nipples | 1-102-050 To 1-102-099 | 43 | 099
IMG_5908|Category | BOM Number | Length (in.) | Part No.
IMG_5908|1/4 N.P.T. Black Iron Nipples | 3-089-1 (To 3-089-149) | Close 7/8 | 101
IMG_5908|1/4 N.P.T. Black Iron Nipples | 3-089-1 (To 3-089-149) | 1 1/2 | 102
IMG_5908|1/4 N.P.T. Black Iron Nipples | 3-089-1 (To 3-089-149) | 2 | 103
IMG_5908|1/4 N.P.T. Black Iron Nipples | 3-089-1 (To 3-089-149) | 2 1/2 | 104
IMG_5908|1/4 N.P.T. Black Iron Nipples | 3-089-1 (To 3-089-149) | 3 | 105
IMG_5908|1/4 N.P.T. Black Iron Nipples | 3-089-1 (To 3-089-149) | 3 1/2 | 106
IMG_5908|1/4 N.P.T. Black Iron Nipples | 3-089-1 (To 3-089-149) | 4 | 107
IMG_5908|1/4 N.P.T. Black Iron Nipples | 3-089-1 (To 3-089-149) | 4 1/2 | 108
IMG_5908|1/4 N.P.T. Black Iron Nipples | 3-089-1 (To 3-089-149) | 5 | 109
IMG_5908|1/4 N.P.T. Black Iron Nipples | 3-089-1 (To 3-089-149) | 5 1/2 | 110
IMG_5908|1/4 N.P.T. Black Iron Nipples | 3-089-1 (To 3-089-149) | 6 | 111
IMG_5908|1/4 N.P.T. Black Iron Nipples | 3-089-1 (To 3-089-149) | 7 | 112
IMG_5908|1/4 N.P.T. Black Iron Nipples | 3-089-1 (To 3-089-149) | 8 | 113
IMG_5908|1/4 N.P.T. Black Iron Nipples | 3-089-1 (To 3-089-149) | 9 | 114
IMG_5908|1/4 N.P.T. Black Iron Nipples | 3-089-1 (To 3-089-149) | 10 | 115
IMG_5908|1/4 N.P.T. Black Iron Nipples | 3-089-1 (To 3-089-149) | 11 | 116
IMG_5908|1/4 N.P.T. Black Iron Nipples | 3-089-1 (To 3-089-149) | 12 | 117
IMG_5908|1/4 N.P.T. Black Iron Nipples | 3-089-1 (To 3-089-149) | 13 | 118
IMG_5908|1/4 N.P.T. Black Iron Nipples | 3-089-1 (To 3-089-149) | 14 | 119
IMG_5908|1/4 N.P.T. Black Iron Nipples | 3-089-1 (To 3-089-149) | 15 | 120
IMG_5908|1/4 N.P.T. Black Iron Nipples | 3-089-1 (To 3-089-149) | 16 | 121
IMG_5908|1/4 N.P.T. Black Iron Nipples | 3-089-1 (To 3-089-149) | 17 | 122
IMG_5908|1/4 N.P.T. Black Iron Nipples | 3-089-1 (To 3-089-149) | 18 | 123
IMG_5908|1/4 N.P.T. Black Iron Nipples | 3-089-1 (To 3-089-149) | 19 | 124
IMG_5908|1/4 N.P.T. Black Iron Nipples | 3-089-1 (To 3-089-149) | 20 | 125
IMG_5908|1/4 N.P.T. Black Iron Nipples | 3-089-1 (To 3-089-149) | 21 | 126
IMG_5908|1/4 N.P.T. Black Iron Nipples | 3-089-1 (To 3-089-149) | 22 | 127
IMG_5908|1/4 N.P.T. Black Iron Nipples | 3-089-1 (To 3-089-149) | 23 | 128
IMG_5908|1/4 N.P.T. Black Iron Nipples | 3-089-1 (To 3-089-149) | 24 | 129
IMG_5908|1/4 N.P.T. Black Iron Nipples | 3-089-1 (To 3-089-149) | 25 | 130
IMG_5908|1/4 N.P.T. Black Iron Nipples | 3-089-1 (To 3-089-149) | 26 | 131
IMG_5908|1/4 N.P.T. Black Iron Nipples | 3-089-1 (To 3-089-149) | 27 | 132
IMG_5908|1/4 N.P.T. Black Iron Nipples | 3-089-1 (To 3-089-149) | 28 | 133
IMG_5908|1/4 N.P.T. Black Iron Nipples | 3-089-1 (To 3-089-149) | 29 | 134
IMG_5908|1/4 N.P.T. Black Iron Nipples | 3-089-1 (To 3-089-149) | 30 | 135
IMG_5908|1/4 N.P.T. Black Iron Nipples | 3-089-1 (To 3-089-149) | 31 | 136
IMG_5908|1/4 N.P.T. Black Iron Nipples | 3-089-1 (To 3-089-149) | 32 | 137
IMG_5908|1/4 N.P.T. Black Iron Nipples | 3-089-1 (To 3-089-149) | 33 | 138
IMG_5908|1/4 N.P.T. Black Iron Nipples | 3-089-1 (To 3-089-149) | 34 | 139
IMG_5908|1/4 N.P.T. Black Iron Nipples | 3-089-1 (To 3-089-149) | 35 | 140
IMG_5908|1/4 N.P.T. Black Iron Nipples | 3-089-1 (To 3-089-149) | 36 | 141
IMG_5908|1/4 N.P.T. Black Iron Nipples | 3-089-1 (To 3-089-149) | 37 | 142
IMG_5908|1/4 N.P.T. Black Iron Nipples | 3-089-1 (To 3-089-149) | 38 | 143
IMG_5908|1/4 N.P.T. Black Iron Nipples | 3-089-1 (To 3-089-149) | 39 | 144
IMG_5908|1/4 N.P.T. Black Iron Nipples | 3-089-1 (To 3-089-149) | 40 | 145
IMG_5908|1/4 N.P.T. Black Iron Nipples | 3-089-1 (To 3-089-149) | 41 | 146
IMG_5908|1/4 N.P.T. Black Iron Nipples | 3-089-1 (To 3-089-149) | 42 | 147
IMG_5908|1/4 N.P.T. Black Iron Nipples | 3-089-1 (To 3-089-149) | 43 | 148
IMG_5908|1/4 N.P.T. Black Iron Nipples | 3-089-1 (To 3-089-149) | 44 | 149
IMG_5909|Category | BOM Number | Length (in.) | Part No.
IMG_5909|Standard 1/4 N.P.T. Brass Nipples | 1-102-150 To 1-102-199 | Close 7/8 | 151
IMG_5909|Standard 1/4 N.P.T. Brass Nipples | 1-102-150 To 1-102-199 | 1 1/2 | 152
IMG_5909|Standard 1/4 N.P.T. Brass Nipples | 1-102-150 To 1-102-199 | 2 | 153
IMG_5909|Standard 1/4 N.P.T. Brass Nipples | 1-102-150 To 1-102-199 | 2 1/2 | 154
IMG_5909|Standard 1/4 N.P.T. Brass Nipples | 1-102-150 To 1-102-199 | 3 | 155
IMG_5909|Standard 1/4 N.P.T. Brass Nipples | 1-102-150 To 1-102-199 | 3 1/2 | 156
IMG_5909|Standard 1/4 N.P.T. Brass Nipples | 1-102-150 To 1-102-199 | 4 | 157
IMG_5909|Standard 1/4 N.P.T. Brass Nipples | 1-102-150 To 1-102-199 | 4 1/2 | 158
IMG_5909|Standard 1/4 N.P.T. Brass Nipples | 1-102-150 To 1-102-199 | 5 | 159
IMG_5909|Standard 1/4 N.P.T. Brass Nipples | 1-102-150 To 1-102-199 | 5 1/2 | 160
IMG_5909|Standard 1/4 N.P.T. Brass Nipples | 1-102-150 To 1-102-199 | 6 | 161
IMG_5909|Standard 1/4 N.P.T. Brass Nipples | 1-102-150 To 1-102-199 | 7 | 162
IMG_5909|Standard 1/4 N.P.T. Brass Nipples | 1-102-150 To 1-102-199 | 8 | 163
IMG_5909|Standard 1/4 N.P.T. Brass Nipples | 1-102-150 To 1-102-199 | 9 | 164
IMG_5909|Standard 1/4 N.P.T. Brass Nipples | 1-102-150 To 1-102-199 | 10 | 165
IMG_5909|Standard 1/4 N.P.T. Brass Nipples | 1-102-150 To 1-102-199 | 11 | 166
IMG_5909|Standard 1/4 N.P.T. Brass Nipples | 1-102-150 To 1-102-199 | 12 | 167
IMG_5909|Standard 1/4 N.P.T. Brass Nipples | 1-102-150 To 1-102-199 | 13 | 168
IMG_5909|Standard 1/4 N.P.T. Brass Nipples | 1-102-150 To 1-102-199 | 14 | 169
IMG_5909|Standard 1/4 N.P.T. Brass Nipples | 1-102-150 To 1-102-199 | 15 | 170
IMG_5909|Standard 1/4 N.P.T. Brass Nipples | 1-102-150 To 1-102-199 | 16 | 171
IMG_5909|Standard 1/4 N.P.T. Brass Nipples | 1-102-150 To 1-102-199 | 17 | 172
IMG_5909|Standard 1/4 N.P.T. Brass Nipples | 1-102-150 To 1-102-199 | 18 | 173
IMG_5909|Standard 1/4 N.P.T. Brass Nipples | 1-102-150 To 1-102-199 | 19 | 174
IMG_5909|Standard 1/4 N.P.T. Brass Nipples | 1-102-150 To 1-102-199 | 20 | 175
IMG_5909|Standard 1/4 N.P.T. Brass Nipples | 1-102-150 To 1-102-199 | 21 | 176
IMG_5909|Standard 1/4 N.P.T. Brass Nipples | 1-102-150 To 1-102-199 | 22 | 177
IMG_5909|Standard 1/4 N.P.T. Brass Nipples | 1-102-150 To 1-102-199 | 23 | 178
IMG_5909|Standard 1/4 N.P.T. Brass Nipples | 1-102-150 To 1-102-199 | 24 | 179
IMG_5909|Standard 1/4 N.P.T. Brass Nipples | 1-102-150 To 1-102-199 | 25 | 180
IMG_5909|Standard 1/4 N.P.T. Brass Nipples | 1-102-150 To 1-102-199 | 26 | 181
IMG_5909|Standard 1/4 N.P.T. Brass Nipples | 1-102-150 To 1-102-199 | 27 | 182
IMG_5909|Standard 1/4 N.P.T. Brass Nipples | 1-102-150 To 1-102-199 | 28 | 183
IMG_5909|Standard 1/4 N.P.T. Brass Nipples | 1-102-150 To 1-102-199 | 29 | 184
IMG_5909|Standard 1/4 N.P.T. Brass Nipples | 1-102-150 To 1-102-199 | 30 | 185
IMG_5909|Standard 1/4 N.P.T. Brass Nipples | 1-102-150 To 1-102-199 | 31 | 186
IMG_5909|Standard 1/4 N.P.T. Brass Nipples | 1-102-150 To 1-102-199 | 32 | 187
IMG_5909|Standard 1/4 N.P.T. Brass Nipples | 1-102-150 To 1-102-199 | 33 | 188
IMG_5909|Standard 1/4 N.P.T. Brass Nipples | 1-102-150 To 1-102-199 | 34 | 189
IMG_5909|Standard 1/4 N.P.T. Brass Nipples | 1-102-150 To 1-102-199 | 35 | 190
IMG_5909|Standard 1/4 N.P.T. Brass Nipples | 1-102-150 To 1-102-199 | 36 | 191
IMG_5909|Standard 1/4 N.P.T. Brass Nipples | 1-102-150 To 1-102-199 | 37 | 192
IMG_5909|Standard 1/4 N.P.T. Brass Nipples | 1-102-150 To 1-102-199 | 38 | 193
IMG_5909|Standard 1/4 N.P.T. Brass Nipples | 1-102-150 To 1-102-199 | 39 | 194
IMG_5909|Standard 1/4 N.P.T. Brass Nipples | 1-102-150 To 1-102-199 | 40 | 195
IMG_5909|Standard 1/4 N.P.T. Brass Nipples | 1-102-150 To 1-102-199 | 41 | 196
IMG_5909|Standard 1/4 N.P.T. Brass Nipples | 1-102-150 To 1-102-199 | 42 | 197
IMG_5909|Standard 1/4 N.P.T. Brass Nipples | 1-102-150 To 1-102-199 | 43 | 198
IMG_5909|Standard 1/4 N.P.T. Brass Nipples | 1-102-150 To 1-102-199 | 44 | 199
IMG_5910|Category | BOM Number | Length (in.) | Part No.
IMG_5910|N.P.T. Black Iron Nipples Brass | 3-089-2 (To 3-089-299) | Close | 201
IMG_5910|N.P.T. Black Iron Nipples Brass | 3-089-2 (To 3-089-299) | 1 1/2 | 202
IMG_5910|N.P.T. Black Iron Nipples Brass | 3-089-2 (To 3-089-299) | 2 | 203
IMG_5910|N.P.T. Black Iron Nipples Brass | 3-089-2 (To 3-089-299) | 2 1/2 | 204
IMG_5910|N.P.T. Black Iron Nipples Brass | 3-089-2 (To 3-089-299) | 3 | 205
IMG_5910|N.P.T. Black Iron Nipples Brass | 3-089-2 (To 3-089-299) | 3 1/2 | 206
IMG_5910|N.P.T. Black Iron Nipples Brass | 3-089-2 (To 3-089-299) | 4 | 207
IMG_5910|N.P.T. Black Iron Nipples Brass | 3-089-2 (To 3-089-299) | 4 1/2 | 208
IMG_5910|N.P.T. Black Iron Nipples Brass | 3-089-2 (To 3-089-299) | 5 | 209
IMG_5910|N.P.T. Black Iron Nipples Brass | 3-089-2 (To 3-089-299) | 5 1/2 | 210
IMG_5910|N.P.T. Black Iron Nipples Brass | 3-089-2 (To 3-089-299) | 6 | 211
IMG_5910|N.P.T. Black Iron Nipples Brass | 3-089-2 (To 3-089-299) | 7 | 212
IMG_5910|N.P.T. Black Iron Nipples Brass | 3-089-2 (To 3-089-299) | 8 | 213
IMG_5910|N.P.T. Black Iron Nipples Brass | 3-089-2 (To 3-089-299) | 9 | 214
IMG_5910|N.P.T. Black Iron Nipples Brass | 3-089-2 (To 3-089-299) | 10 | 215
IMG_5910|N.P.T. Black Iron Nipples Brass | 3-089-2 (To 3-089-299) | 11 | 216
IMG_5910|N.P.T. Black Iron Nipples Brass | 3-089-2 (To 3-089-299) | 12 | 217
IMG_5910|N.P.T. Black Iron Nipples Brass | 3-089-2 (To 3-089-299) | 13 | 218
IMG_5910|N.P.T. Black Iron Nipples Brass | 3-089-2 (To 3-089-299) | 14 | 219
IMG_5910|N.P.T. Black Iron Nipples Brass | 3-089-2 (To 3-089-299) | 15 | 220
IMG_5910|N.P.T. Black Iron Nipples Brass | 3-089-2 (To 3-089-299) | 16 | 221
IMG_5910|N.P.T. Black Iron Nipples Brass | 3-089-2 (To 3-089-299) | 17 | 222
IMG_5910|N.P.T. Black Iron Nipples Brass | 3-089-2 (To 3-089-299) | 18 | 223
IMG_5910|N.P.T. Black Iron Nipples Brass | 3-089-2 (To 3-089-299) | 19 | 224
IMG_5910|N.P.T. Black Iron Nipples Brass | 3-089-2 (To 3-089-299) | 20 | 225
IMG_5910|N.P.T. Black Iron Nipples Brass | 3-089-2 (To 3-089-299) | 21 | 226
IMG_5910|N.P.T. Black Iron Nipples Brass | 3-089-2 (To 3-089-299) | 22 | 227
IMG_5910|N.P.T. Black Iron Nipples Brass | 3-089-2 (To 3-089-299) | 23 | 228
IMG_5910|N.P.T. Black Iron Nipples Brass | 3-089-2 (To 3-089-299) | 24 | 229
IMG_5910|N.P.T. Black Iron Nipples Brass | 3-089-2 (To 3-089-299) | 25 | 230
IMG_5910|N.P.T. Black Iron Nipples Brass | 3-089-2 (To 3-089-299) | 26 | 231
IMG_5910|N.P.T. Black Iron Nipples Brass | 3-089-2 (To 3-089-299) | 27 | 232
IMG_5910|N.P.T. Black Iron Nipples Brass | 3-089-2 (To 3-089-299) | 28 | 233
IMG_5910|N.P.T. Black Iron Nipples Brass | 3-089-2 (To 3-089-299) | 29 | 234
IMG_5910|N.P.T. Black Iron Nipples Brass | 3-089-2 (To 3-089-299) | 30 | 235
IMG_5910|N.P.T. Black Iron Nipples Brass | 3-089-2 (To 3-089-299) | 31 | 236
IMG_5910|N.P.T. Black Iron Nipples Brass | 3-089-2 (To 3-089-299) | 32 | 237
IMG_5910|N.P.T. Black Iron Nipples Brass | 3-089-2 (To 3-089-299) | 33 | 238
IMG_5910|N.P.T. Black Iron Nipples Brass | 3-089-2 (To 3-089-299) | 34 | 239
IMG_5910|N.P.T. Black Iron Nipples Brass | 3-089-2 (To 3-089-299) | 35 | 240
IMG_5910|N.P.T. Black Iron Nipples Brass | 3-089-2 (To 3-089-299) | 36 | 241
IMG_5910|N.P.T. Black Iron Nipples Brass | 3-089-2 (To 3-089-299) | 37 | 242
IMG_5910|N.P.T. Black Iron Nipples Brass | 3-089-2 (To 3-089-299) | 38 | 243
IMG_5910|N.P.T. Black Iron Nipples Brass | 3-089-2 (To 3-089-299) | 39 | 244
IMG_5910|N.P.T. Black Iron Nipples Brass | 3-089-2 (To 3-089-299) | 40 | 245
IMG_5910|N.P.T. Black Iron Nipples Brass | 3-089-2 (To 3-089-299) | 41 | 246
IMG_5910|N.P.T. Black Iron Nipples Brass | 3-089-2 (To 3-089-299) | 42 | 247
IMG_5910|N.P.T. Black Iron Nipples Brass | 3-089-2 (To 3-089-299) | 43 | 248
IMG_5910|N.P.T. Black Iron Nipples Brass | 3-089-2 (To 3-089-299) | 44 | 249
IMG_5910|N.P.T. Black Iron Nipples Brass | 3-089-2 (To 3-089-299) | 45 | 250
IMG_5910|N.P.T. Black Iron Nipples Brass | 3-089-2 (To 3-089-299) | 46 | 251
IMG_5910|N.P.T. Black Iron Nipples Brass | 3-089-2 (To 3-089-299) | 47 | 252
IMG_5910|N.P.T. Black Iron Nipples Brass | 3-089-2 (To 3-089-299) | 48 | 253
IMG_5910|N.P.T. Black Iron Nipples Brass | 3-089-2 (To 3-089-299) | 49 | 254
IMG_5910|N.P.T. Black Iron Nipples Brass | 3-089-2 (To 3-089-299) | 50 | 255
IMG_5910|N.P.T. Black Iron Nipples Brass | 3-089-2 (To 3-089-299) | 51 | 256
IMG_5910|N.P.T. Black Iron Nipples Brass | 3-089-2 (To 3-089-299) | 52 | 257
IMG_5910|N.P.T. Black Iron Nipples Brass | 3-089-2 (To 3-089-299) | 53 | 258
IMG_5910|N.P.T. Black Iron Nipples Brass | 3-089-2 (To 3-089-299) | 54 | 259
IMG_5910|N.P.T. Black Iron Nipples Brass | 3-089-2 (To 3-089-299) | 55 | 260
IMG_5910|N.P.T. Black Iron Nipples Brass | 3-089-2 (To 3-089-299) | 56 | 261
IMG_5910|N.P.T. Black Iron Nipples Brass | 3-089-2 (To 3-089-299) | 57 | 262
IMG_5910|N.P.T. Black Iron Nipples Brass | 3-089-2 (To 3-089-299) | 58 | 263
IMG_5910|N.P.T. Black Iron Nipples Brass | 3-089-2 (To 3-089-299) | 59 | 264
IMG_5910|N.P.T. Black Iron Nipples Brass | 3-089-2 (To 3-089-299) | 60 | 265
IMG_5910|N.P.T. Black Iron Nipples Brass | 3-089-2 (To 3-089-299) | 61 | 266
IMG_5910|N.P.T. Black Iron Nipples Brass | 3-089-2 (To 3-089-299) | 62 | 267
IMG_5910|N.P.T. Black Iron Nipples Brass | 3-089-2 (To 3-089-299) | 63 | 268
IMG_5910|N.P.T. Black Iron Nipples Brass | 3-089-2 (To 3-089-299) | 64 | 269
IMG_5910|N.P.T. Black Iron Nipples Brass | 3-089-2 (To 3-089-299) | 65 | 270
IMG_5910|N.P.T. Black Iron Nipples Brass | 3-089-2 (To 3-089-299) | 66 | 271
IMG_5910|N.P.T. Black Iron Nipples Brass | 3-089-2 (To 3-089-299) | 67 | 272
IMG_5910|N.P.T. Black Iron Nipples Brass | 3-089-2 (To 3-089-299) | 68 | 273
IMG_5910|N.P.T. Black Iron Nipples Brass | 3-089-2 (To 3-089-299) | 69 | 274
IMG_5910|N.P.T. Black Iron Nipples Brass | 3-089-2 (To 3-089-299) | 70 | 275
IMG_5910|N.P.T. Black Iron Nipples Brass | 3-089-2 (To 3-089-299) | 71 | 276
IMG_5910|N.P.T. Black Iron Nipples Brass | 3-089-2 (To 3-089-299) | 72 | 277
IMG_5910|N.P.T. Black Iron Nipples Brass | 3-089-2 (To 3-089-299) | 73 | 278
IMG_5910|N.P.T. Black Iron Nipples Brass | 3-089-2 (To 3-089
IMG_5911|Category | BOM Number | Length (in.) | Part No.
IMG_5911|N.P.T. BRASS NIPPLES | 1-102-300 TO 1-102-399 | Close | 301
IMG_5911|N.P.T. BRASS NIPPLES | 1-102-300 TO 1-102-399 | 1 1/2 | 302
IMG_5911|N.P.T. BRASS NIPPLES | 1-102-300 TO 1-102-399 | 2 | 303
IMG_5911|N.P.T. BRASS NIPPLES | 1-102-300 TO 1-102-399 | 2 1/2 | 304
IMG_5911|N.P.T. BRASS NIPPLES | 1-102-300 TO 1-102-399 | 3 | 305
IMG_5911|N.P.T. BRASS NIPPLES | 1-102-300 TO 1-102-399 | 3 1/2 | 306
IMG_5911|N.P.T. BRASS NIPPLES | 1-102-300 TO 1-102-399 | 4 | 307
IMG_5911|N.P.T. BRASS NIPPLES | 1-102-300 TO 1-102-399 | 4 1/2 | 308
IMG_5911|N.P.T. BRASS NIPPLES | 1-102-300 TO 1-102-399 | 5 | 309
IMG_5911|N.P.T. BRASS NIPPLES | 1-102-300 TO 1-102-399 | 5 1/2 | 310
IMG_5911|N.P.T. BRASS NIPPLES | 1-102-300 TO 1-102-399 | 6 | 311
IMG_5911|N.P.T. BRASS NIPPLES | 1-102-300 TO 1-102-399 | 7 | 312
IMG_5911|N.P.T. BRASS NIPPLES | 1-102-300 TO 1-102-399 | 8 | 313
IMG_5911|N.P.T. BRASS NIPPLES | 1-102-300 TO 1-102-399 | 9 | 314
IMG_5911|N.P.T. BRASS NIPPLES | 1-102-300 TO 1-102-399 | 10 | 315
IMG_5911|N.P.T. BRASS NIPPLES | 1-102-300 TO 1-102-399 | 11 | 316
IMG_5911|N.P.T. BRASS NIPPLES | 1-102-300 TO 1-102-399 | 12 | 317
IMG_5911|N.P.T. BRASS NIPPLES | 1-102-300 TO 1-102-399 | 13 | 318
IMG_5911|N.P.T. BRASS NIPPLES | 1-102-300 TO 1-102-399 | 14 | 319
IMG_5911|N.P.T. BRASS NIPPLES | 1-102-300 TO 1-102-399 | 15 | 320
IMG_5911|N.P.T. BRASS NIPPLES | 1-102-300 TO 1-102-399 | 16 | 321
IMG_5911|N.P.T. BRASS NIPPLES | 1-102-300 TO 1-102-399 | 17 | 322
IMG_5911|N.P.T. BRASS NIPPLES | 1-102-300 TO 1-102-399 | 18 | 323
IMG_5911|N.P.T. BRASS NIPPLES | 1-102-300 TO 1-102-399 | 19 | 324
IMG_5911|N.P.T. BRASS NIPPLES | 1-102-300 TO 1-102-399 | 20 | 325
IMG_5911|N.P.T. BRASS NIPPLES | 1-102-300 TO 1-102-399 | 21 | 326
IMG_5911|N.P.T. BRASS NIPPLES | 1-102-300 TO 1-102-399 | 22 | 327
IMG_5911|N.P.T. BRASS NIPPLES | 1-102-300 TO 1-102-399 | 23 | 328
IMG_5911|N.P.T. BRASS NIPPLES | 1-102-300 TO 1-102-399 | 24 | 329
IMG_5911|N.P.T. BRASS NIPPLES | 1-102-300 TO 1-102-399 | 25 | 330
IMG_5911|N.P.T. BRASS NIPPLES | 1-102-300 TO 1-102-399 | 26 | 331
IMG_5911|N.P.T. BRASS NIPPLES | 1-102-300 TO 1-102-399 | 27 | 332
IMG_5911|N.P.T. BRASS NIPPLES | 1-102-300 TO 1-102-399 | 28 | 333
IMG_5911|N.P.T. BRASS NIPPLES | 1-102-300 TO 1-102-399 | 29 | 334
IMG_5911|N.P.T. BRASS NIPPLES | 1-102-300 TO 1-102-399 | 30 | 335
IMG_5911|N.P.T. BRASS NIPPLES | 1-102-300 TO 1-102-399 | 31 | 336
IMG_5911|N.P.T. BRASS NIPPLES | 1-102-300 TO 1-102-399 | 32 | 337
IMG_5911|N.P.T. BRASS NIPPLES | 1-102-300 TO 1-102-399 | 33 | 338
IMG_5911|N.P.T. BRASS NIPPLES | 1-102-300 TO 1-102-399 | 34 | 339
IMG_5911|N.P.T. BRASS NIPPLES | 1-102-300 TO 1-102-399 | 35 | 340
IMG_5911|N.P.T. BRASS NIPPLES | 1-102-300 TO 1-102-399 | 36 | 341
IMG_5911|N.P.T. BRASS NIPPLES | 1-102-300 TO 1-102-399 | 37 | 342
IMG_5911|N.P.T. BRASS NIPPLES | 1-102-300 TO 1-102-399 | 38 | 343
IMG_5911|N.P.T. BRASS NIPPLES | 1-102-300 TO 1-102-399 | 39 | 344
IMG_5911|N.P.T. BRASS NIPPLES | 1-102-300 TO 1-102-399 | 40 | 345
IMG_5911|N.P.T. BRASS NIPPLES | 1-102-300 TO 1-102-399 | 41 | 346
IMG_5911|N.P.T. BRASS NIPPLES | 1-102-300 TO 1-102-399 | 42 | 347
IMG_5911|N.P.T. BRASS NIPPLES | 1-102-300 TO 1-102-399 | 43 | 348
IMG_5911|N.P.T. BRASS NIPPLES | 1-102-300 TO 1-102-399 | 44 | 349
IMG_5911|N.P.T. BRASS NIPPLES | 1-102-300 TO 1-102-399 | 45 | 350
IMG_5911|N.P.T. BRASS NIPPLES | 1-102-300 TO 1-102-399 | 46 | 351
IMG_5911|N.P.T. BRASS NIPPLES | 1-102-300 TO 1-102-399 | 47 | 352
IMG_5911|N.P.T. BRASS NIPPLES | 1-102-300 TO 1-102-399 | 48 | 353
IMG_5911|N.P.T. BRASS NIPPLES | 1-102-300 TO 1-102-399 | 49 | 354
IMG_5911|N.P.T. BRASS NIPPLES | 1-102-300 TO 1-102-399 | 50 | 355
IMG_5911|N.P.T. BRASS NIPPLES | 1-102-300 TO 1-102-399 | 51 | 356
IMG_5911|N.P.T. BRASS NIPPLES | 1-102-300 TO 1-102-399 | 52 | 357
IMG_5911|N.P.T. BRASS NIPPLES | 1-102-300 TO 1-102-399 | 53 | 358
IMG_5911|N.P.T. BRASS NIPPLES | 1-102-300 TO 1-102-399 | 54 | 359
IMG_5911|N.P.T. BRASS NIPPLES | 1-102-300 TO 1-102-399 | 55 | 360
IMG_5911|N.P.T. BRASS NIPPLES | 1-102-300 TO 1-102-399 | 56 | 361
IMG_5911|N.P.T. BRASS NIPPLES | 1-102-300 TO 1-102-399 | 57 | 362
IMG_5911|N.P.T. BRASS NIPPLES | 1-102-300 TO 1-102-399 | 58 | 363
IMG_5911|N.P.T. BRASS NIPPLES | 1-102-300 TO 1-102-399 | 59 | 364
IMG_5911|N.P.T. BRASS NIPPLES | 1-102-300 TO 1-102-399 | 60 | 365
IMG_5911|N.P.T. BRASS NIPPLES | 1-102-300 TO 1-102-399 | 61 | 366
IMG_5911|N.P.T. BRASS NIPPLES | 1-102-300 TO 1-102-399 | 62 | 367
IMG_5911|N.P.T. BRASS NIPPLES | 1-102-300 TO 1-102-399 | 63 | 368
IMG_5911|N.P.T. BRASS NIPPLES | 1-102-300 TO 1-102-399 | 64 | 369
IMG_5911|N.P.T. BRASS NIPPLES | 1-102-300 TO 1-102-399 | 65 | 370
IMG_5911|N.P.T. BRASS NIPPLES | 1-102-300 TO 1-102-399 | 66 | 371
IMG_5911|N.P.T. BRASS NIPPLES | 1-102-300 TO 1-102-399 | 67 | 372
IMG_5911|N.P.T. BRASS NIPPLES | 1-102-300 TO 1-102-399 | 68 | 373
IMG_5911|N.P.T. BRASS NIPPLES | 1-102-300 TO 1-102-399 | 69 | 374
IMG_5911|N.P.T. BRASS NIPPLES | 1-102-300 TO 1-102-399 | 70 | 375
IMG_5911|N.P.T. BRASS NIPPLES | 1-102-300 TO 1-102-399 | 71 | 376
IMG_5911|N.P.T. BRASS NIPPLES | 1-102-300 TO 1-102-399 | 72 | 377
IMG_5911|N.P.T. BRASS NIPPLES | 1-102-300 TO 1-102-399 | 73 | 378
IMG_5911|N.P.T. BRASS NIPPLES | 1-102-300 TO 1-102-399 | 74 | 379
IMG_5911|N.P.T. BRASS NIPPLES | 1-102-300 TO 1-102-399 | 75 | 380
IMG_5911|N.P.T. BRASS NIPPLES | 1-102-300 TO 1-102-399 | 76 | 381
IMG_5911|N.P.T. BRASS NIPPLES | 1-102-300 TO 1-102-399 | 77 | 382
IMG_5911|N.P.T. BRASS NIPPLES | 1-102-300 TO 1-102-399 | 78 | 383
IMG_5911|N.P.T. BRASS NIPPLES | 1-102-300 TO 1-102-399 | 79 | 384
IMG_5911|N.P.T. BRASS NIPPLES | 1-102-300 TO 1-102-399 | 80 | 385
IMG_5911|N.P.T. BRASS NIPPLES | 1-102
IMG_5912|Category | BOM Number | Length (in.) | Part No.
IMG_5912|1/2 N.P.T. BLACK IRON NIPPLES | 3-089-400 TO 3-089-449 | Close 1 1/8 | 401
IMG_5912|1/2 N.P.T. BLACK IRON NIPPLES | 3-089-400 TO 3-089-449 | 1 1/2 | 402
IMG_5912|1/2 N.P.T. BLACK IRON NIPPLES | 3-089-400 TO 3-089-449 | 2 | 403
IMG_5912|1/2 N.P.T. BLACK IRON NIPPLES | 3-089-400 TO 3-089-449 | 2 1/2 | 404
IMG_5912|1/2 N.P.T. BLACK IRON NIPPLES | 3-089-400 TO 3-089-449 | 3 | 405
IMG_5912|1/2 N.P.T. BLACK IRON NIPPLES | 3-089-400 TO 3-089-449 | 3 1/2 | 406
IMG_5912|1/2 N.P.T. BLACK IRON NIPPLES | 3-089-400 TO 3-089-449 | 4 | 407
IMG_5912|1/2 N.P.T. BLACK IRON NIPPLES | 3-089-400 TO 3-089-449 | 4 1/2 | 408
IMG_5912|1/2 N.P.T. BLACK IRON NIPPLES | 3-089-400 TO 3-089-449 | 5 | 409
IMG_5912|1/2 N.P.T. BLACK IRON NIPPLES | 3-089-400 TO 3-089-449 | 5 1/2 | 410
IMG_5912|1/2 N.P.T. BLACK IRON NIPPLES | 3-089-400 TO 3-089-449 | 6 | 411
IMG_5912|1/2 N.P.T. BLACK IRON NIPPLES | 3-089-400 TO 3-089-449 | 7 | 412
IMG_5912|1/2 N.P.T. BLACK IRON NIPPLES | 3-089-400 TO 3-089-449 | 8 | 413
IMG_5912|1/2 N.P.T. BLACK IRON NIPPLES | 3-089-400 TO 3-089-449 | 9 | 414
IMG_5912|1/2 N.P.T. BLACK IRON NIPPLES | 3-089-400 TO 3-089-449 | 10 | 415
IMG_5912|1/2 N.P.T. BLACK IRON NIPPLES | 3-089-400 TO 3-089-449 | 11 | 416
IMG_5912|1/2 N.P.T. BLACK IRON NIPPLES | 3-089-400 TO 3-089-449 | 12 | 417
IMG_5912|1/2 N.P.T. BLACK IRON NIPPLES | 3-089-400 TO 3-089-449 | 13 | 418
IMG_5912|1/2 N.P.T. BLACK IRON NIPPLES | 3-089-400 TO 3-089-449 | 14 | 419
IMG_5912|1/2 N.P.T. BLACK IRON NIPPLES | 3-089-400 TO 3-089-449 | 15 | 420
IMG_5912|1/2 N.P.T. BLACK IRON NIPPLES | 3-089-400 TO 3-089-449 | 16 | 421
IMG_5912|1/2 N.P.T. BLACK IRON NIPPLES | 3-089-400 TO 3-089-449 | 17 | 422
IMG_5912|1/2 N.P.T. BLACK IRON NIPPLES | 3-089-400 TO 3-089-449 | 18 | 423
IMG_5912|1/2 N.P.T. BLACK IRON NIPPLES | 3-089-400 TO 3-089-449 | 19 | 424
IMG_5912|1/2 N.P.T. BLACK IRON NIPPLES | 3-089-400 TO 3-089-449 | 20 | 425
IMG_5912|1/2 N.P.T. BLACK IRON NIPPLES | 3-089-400 TO 3-089-449 | 21 | 426
IMG_5912|1/2 N.P.T. BLACK IRON NIPPLES | 3-089-400 TO 3-089-449 | 22 | 427
IMG_5912|1/2 N.P.T. BLACK IRON NIPPLES | 3-089-400 TO 3-089-449 | 23 | 428
IMG_5912|1/2 N.P.T. BLACK IRON NIPPLES | 3-089-400 TO 3-089-449 | 24 | 429
IMG_5912|1/2 N.P.T. BLACK IRON NIPPLES | 3-089-400 TO 3-089-449 | 25 | 430
IMG_5912|1/2 N.P.T. BLACK IRON NIPPLES | 3-089-400 TO 3-089-449 | 26 | 431
IMG_5912|1/2 N.P.T. BLACK IRON NIPPLES | 3-089-400 TO 3-089-449 | 27 | 432
IMG_5912|1/2 N.P.T. BLACK IRON NIPPLES | 3-089-400 TO 3-089-449 | 28 | 433
IMG_5912|1/2 N.P.T. BLACK IRON NIPPLES | 3-089-400 TO 3-089-449 | 29 | 434
IMG_5912|1/2 N.P.T. BLACK IRON NIPPLES | 3-089-400 TO 3-089-449 | 30 | 435
IMG_5912|1/2 N.P.T. BLACK IRON NIPPLES | 3-089-400 TO 3-089-449 | 31 | 436
IMG_5912|1/2 N.P.T. BLACK IRON NIPPLES | 3-089-400 TO 3-089-449 | 32 | 437
IMG_5912|1/2 N.P.T. BLACK IRON NIPPLES | 3-089-400 TO 3-089-449 | 33 | 438
IMG_5912|1/2 N.P.T. BLACK IRON NIPPLES | 3-089-400 TO 3-089-449 | 34 | 439
IMG_5912|1/2 N.P.T. BLACK IRON NIPPLES | 3-089-400 TO 3-089-449 | 35 | 440
IMG_5912|1/2 N.P.T. BLACK IRON NIPPLES | 3-089-400 TO 3-089-449 | 36 | 441
IMG_5912|1/2 N.P.T. BLACK IRON NIPPLES | 3-089-400 TO 3-089-449 | 37 | 442
IMG_5912|1/2 N.P.T. BLACK IRON NIPPLES | 3-089-400 TO 3-089-449 | 38 | 443
IMG_5912|1/2 N.P.T. BLACK IRON NIPPLES | 3-089-400 TO 3-089-449 | 39 | 444
IMG_5912|1/2 N.P.T. BLACK IRON NIPPLES | 3-089-400 TO 3-089-449 | 40 | 445
IMG_5912|1/2 N.P.T. BLACK IRON NIPPLES | 3-089-400 TO 3-089-449 | 41 | 446
IMG_5912|1/2 N.P.T. BLACK IRON NIPPLES | 3-089-400 TO 3-089-449 | 42 | 447
IMG_5912|1/2 N.P.T. BLACK IRON NIPPLES | 3-089-400 TO 3-089-449 | 43 | 448
IMG_5912|1/2 N.P.T. BLACK IRON NIPPLES | 3-089-400 TO 3-089-449 | 44 | 449
IMG_5912|1/2 N.P.T. BLACK IRON NIPPLES | 3-089-400 TO 3-089-449 | 45 | 450
IMG_5912|1/2 N.P.T. BLACK IRON NIPPLES | 3-089-400 TO 3-089-449 | 46 | 451
IMG_5912|1/2 N.P.T. BLACK IRON NIPPLES | 3-089-400 TO 3-089-449 | 47 | 452
IMG_5912|1/2 N.P.T. BLACK IRON NIPPLES | 3-089-400 TO 3-089-449 | 48 | 453
IMG_5912|1/2 N.P.T. BLACK IRON NIPPLES | 3-089-400 TO 3-089-449 | 49 | 454
IMG_5912|1/2 N.P.T. BLACK IRON NIPPLES | 3-089-400 TO 3-089-449 | 50 | 455
IMG_5912|1/2 N.P.T. BLACK IRON NIPPLES | 3-089-400 TO 3-089-449 | 51 | 456
IMG_5912|1/2 N.P.T. BLACK IRON NIPPLES | 3-089-400 TO 3-089-449 | 52 | 457
IMG_5912|1/2 N.P.T. BLACK IRON NIPPLES | 3-089-400 TO 3-089-449 | 53 | 458
IMG_5912|1/2 N.P.T. BLACK IRON NIPPLES | 3-089-400 TO 3-089-449 | 54 | 459
IMG_5912|1/2 N.P.T. BLACK IRON NIPPLES | 3-089-400 TO 3-089-449 | 55 | 460
IMG_5912|1/2 N.P.T. BLACK IRON NIPPLES | 3-089-400 TO 3-089-449 | 56 | 461
IMG_5912|1/2 N.P.T. BLACK IRON NIPPLES | 3-089-400 TO 3-089-449 | 57 | 462
IMG_5912|1/2 N.P.T. BLACK IRON NIPPLES | 3-089-400 TO 3-089-449 | 58 | 463
IMG_5912|1/2 N.P.T. BLACK IRON NIPPLES | 3-089-400 TO 3-089-449 | 59 | 464
IMG_5912|1/2 N.P.T. BLACK IRON NIPPLES | 3-089-400 TO 3-089-449 | 60 | 465
IMG_5912|1/2 N.P.T. BLACK IRON NIPPLES | 3-089-400 TO 3-089-449 | 61 | 466
IMG_5912|1/2 N.P.T. BLACK IRON NIPPLES | 3-089-400 TO 3-089-449 | 62 | 467
IMG_5912|1/2 N.P.T. BLACK IRON NIPPLES | 3-089-400 TO 3-089-449 | 63 | 468
IMG_5912|1/2 N.P.T. BLACK IRON NIPPLES | 3-089-400 TO 3-089-449 | 64 | 469
IMG_5912|1/2 N.P.T. BLACK IRON NIPPLES | 3-089-400 TO 3-089-449 | 65 | 470
IMG_5912|1/2 N.P.T. BLACK IRON NIPPLES | 3-089-400 TO 3-089-449 | 66 | 471
IMG_5912|1/2 N.P.T. BLACK IRON NIPPLES | 3-089-400 TO 3-089-449 | 67 | 472
IMG_5912|1/2 N.P.T. BLACK IRON NIPPLES | 3-089-400 TO 3-089-449 | 68 | 473
IMG_5912|1/2 N.P.T. BLACK IRON NIPPLES | 3-089-400 TO 3-089-449 | 69 | 474
IMG_5912|1/2 N.P.T. BLACK IRON NIPPLES | 3-089-400
IMG_5913|Category | BOM Number | Length (in.) | Part No.
IMG_5913|2 N.P.T. BRASS NIPPLES | 1-102-500 TO 1-102-599 | Close | 501
IMG_5913|2 N.P.T. BRASS NIPPLES | 1-102-500 TO 1-102-599 | 1 1/2 | 502
IMG_5913|2 N.P.T. BRASS NIPPLES | 1-102-500 TO 1-102-599 | 2 | 503
IMG_5913|2 N.P.T. BRASS NIPPLES | 1-102-500 TO 1-102-599 | 2 1/2 | 504
IMG_5913|2 N.P.T. BRASS NIPPLES | 1-102-500 TO 1-102-599 | 3 | 505
IMG_5913|2 N.P.T. BRASS NIPPLES | 1-102-500 TO 1-102-599 | 3 1/2 | 506
IMG_5913|2 N.P.T. BRASS NIPPLES | 1-102-500 TO 1-102-599 | 4 | 507
IMG_5913|2 N.P.T. BRASS NIPPLES | 1-102-500 TO 1-102-599 | 4 1/2 | 508
IMG_5913|2 N.P.T. BRASS NIPPLES | 1-102-500 TO 1-102-599 | 5 | 509
IMG_5913|2 N.P.T. BRASS NIPPLES | 1-102-500 TO 1-102-599 | 5 1/2 | 510
IMG_5913|2 N.P.T. BRASS NIPPLES | 1-102-500 TO 1-102-599 | 6 | 511
IMG_5913|2 N.P.T. BRASS NIPPLES | 1-102-500 TO 1-102-599 | 7 | 512
IMG_5913|2 N.P.T. BRASS NIPPLES | 1-102-500 TO 1-102-599 | 8 | 513
IMG_5913|2 N.P.T. BRASS NIPPLES | 1-102-500 TO 1-102-599 | 9 | 514
IMG_5913|2 N.P.T. BRASS NIPPLES | 1-102-500 TO 1-102-599 | 10 | 515
IMG_5913|2 N.P.T. BRASS NIPPLES | 1-102-500 TO 1-102-599 | 11 | 516
IMG_5913|2 N.P.T. BRASS NIPPLES | 1-102-500 TO 1-102-599 | 12 | 517
IMG_5913|2 N.P.T. BRASS NIPPLES | 1-102-500 TO 1-102-599 | 13 | 518
IMG_5913|2 N.P.T. BRASS NIPPLES | 1-102-500 TO 1-102-599 | 14 | 519
IMG_5913|2 N.P.T. BRASS NIPPLES | 1-102-500 TO 1-102-599 | 15 | 520
IMG_5913|2 N.P.T. BRASS NIPPLES | 1-102-500 TO 1-102-599 | 16 | 521
IMG_5913|2 N.P.T. BRASS NIPPLES | 1-102-500 TO 1-102-599 | 17 | 522
IMG_5913|2 N.P.T. BRASS NIPPLES | 1-102-500 TO 1-102-599 | 18 | 523
IMG_5913|2 N.P.T. BRASS NIPPLES | 1-102-500 TO 1-102-599 | 19 | 524
IMG_5913|2 N.P.T. BRASS NIPPLES | 1-102-500 TO 1-102-599 | 20 | 525
IMG_5913|2 N.P.T. BRASS NIPPLES | 1-102-500 TO 1-102-599 | 21 | 526
IMG_5913|2 N.P.T. BRASS NIPPLES | 1-102-500 TO 1-102-599 | 22 | 527
IMG_5913|2 N.P.T. BRASS NIPPLES | 1-102-500 TO 1-102-599 | 23 | 528
IMG_5913|2 N.P.T. BRASS NIPPLES | 1-102-500 TO 1-102-599 | 24 | 529
IMG_5913|2 N.P.T. BRASS NIPPLES | 1-102-500 TO 1-102-599 | 25 | 530
IMG_5913|2 N.P.T. BRASS NIPPLES | 1-102-500 TO 1-102-599 | 26 | 531
IMG_5913|2 N.P.T. BRASS NIPPLES | 1-102-500 TO 1-102-599 | 27 | 532
IMG_5913|2 N.P.T. BRASS NIPPLES | 1-102-500 TO 1-102-599 | 28 | 533
IMG_5913|2 N.P.T. BRASS NIPPLES | 1-102-500 TO 1-102-599 | 29 | 534
IMG_5913|2 N.P.T. BRASS NIPPLES | 1-102-500 TO 1-102-599 | 30 | 535
IMG_5913|2 N.P.T. BRASS NIPPLES | 1-102-500 TO 1-102-599 | 31 | 536
IMG_5913|2 N.P.T. BRASS NIPPLES | 1-102-500 TO 1-102-599 | 32 | 537
IMG_5913|2 N.P.T. BRASS NIPPLES | 1-102-500 TO 1-102-599 | 33 | 538
IMG_5913|2 N.P.T. BRASS NIPPLES | 1-102-500 TO 1-102-599 | 34 | 539
IMG_5913|2 N.P.T. BRASS NIPPLES | 1-102-500 TO 1-102-599 | 35 | 540
IMG_5913|2 N.P.T. BRASS NIPPLES | 1-102-500 TO 1-102-599 | 36 | 541
IMG_5913|2 N.P.T. BRASS NIPPLES | 1-102-500 TO 1-102-599 | 37 | 542
IMG_5913|2 N.P.T. BRASS NIPPLES | 1-102-500 TO 1-102-599 | 38 | 543
IMG_5913|2 N.P.T. BRASS NIPPLES | 1-102-500 TO 1-102-599 | 39 | 544
IMG_5913|2 N.P.T. BRASS NIPPLES | 1-102-500 TO 1-102-599 | 40 | 545
IMG_5913|2 N.P.T. BRASS NIPPLES | 1-102-500 TO 1-102-599 | 41 | 546
IMG_5913|2 N.P.T. BRASS NIPPLES | 1-102-500 TO 1-102-599 | 42 | 547
IMG_5913|2 N.P.T. BRASS NIPPLES | 1-102-500 TO 1-102-599 | 43 | 548
IMG_5913|2 N.P.T. BRASS NIPPLES | 1-102-500 TO 1-102-599 | 44 | 549
IMG_5913|2 N.P.T. BRASS NIPPLES | 1-102-500 TO 1-102-599 | 45 | 550
IMG_5913|2 N.P.T. BRASS NIPPLES | 1-102-500 TO 1-102-599 | 46 | 551
IMG_5913|2 N.P.T. BRASS NIPPLES | 1-102-500 TO 1-102-599 | 47 | 552
IMG_5913|2 N.P.T. BRASS NIPPLES | 1-102-500 TO 1-102-599 | 48 | 553
IMG_5913|2 N.P.T. BRASS NIPPLES | 1-102-500 TO 1-102-599 | 49 | 554
IMG_5913|2 N.P.T. BRASS NIPPLES | 1-102-500 TO 1-102-599 | 50 | 555
IMG_5913|2 N.P.T. BRASS NIPPLES | 1-102-500 TO 1-102-599 | 51 | 556
IMG_5913|2 N.P.T. BRASS NIPPLES | 1-102-500 TO 1-102-599 | 52 | 557
IMG_5913|2 N.P.T. BRASS NIPPLES | 1-102-500 TO 1-102-599 | 53 | 558
IMG_5913|2 N.P.T. BRASS NIPPLES | 1-102-500 TO 1-102-599 | 54 | 559
IMG_5913|2 N.P.T. BRASS NIPPLES | 1-102-500 TO 1-102-599 | 55 | 560
IMG_5913|2 N.P.T. BRASS NIPPLES | 1-102-500 TO 1-102-599 | 56 | 561
IMG_5913|2 N.P.T. BRASS NIPPLES | 1-102-500 TO 1-102-599 | 57 | 562
IMG_5913|2 N.P.T. BRASS NIPPLES | 1-102-500 TO 1-102-599 | 58 | 563
IMG_5913|2 N.P.T. BRASS NIPPLES | 1-102-500 TO 1-102-599 | 59 | 564
IMG_5913|2 N.P.T. BRASS NIPPLES | 1-102-500 TO 1-102-599 | 60 | 565
IMG_5913|2 N.P.T. BRASS NIPPLES | 1-102-500 TO 1-102-599 | 61 | 566
IMG_5913|2 N.P.T. BRASS NIPPLES | 1-102-500 TO 1-102-599 | 62 | 567
IMG_5913|2 N.P.T. BRASS NIPPLES | 1-102-500 TO 1-102-599 | 63 | 568
IMG_5913|2 N.P.T. BRASS NIPPLES | 1-102-500 TO 1-102-599 | 64 | 569
IMG_5913|2 N.P.T. BRASS NIPPLES | 1-102-500 TO 1-102-599 | 65 | 570
IMG_5913|2 N.P.T. BRASS NIPPLES | 1-102-500 TO 1-102-599 | 66 | 571
IMG_5913|2 N.P.T. BRASS NIPPLES | 1-102-500 TO 1-102-599 | 67 | 572
IMG_5913|2 N.P.T. BRASS NIPPLES | 1-102-500 TO 1-102-599 | 68 | 573
IMG_5913|2 N.P.T. BRASS NIPPLES | 1-102-500 TO 1-102-599 | 69 | 574
IMG_5913|2 N.P.T. BRASS NIPPLES | 1-102-500 TO 1-102-599 | 70 | 575
IMG_5913|2 N.P.T. BRASS NIPPLES | 1-102-500 TO 1-102-599 | 71 | 576
IMG_5913|2 N.P.T. BRASS NIPPLES | 1-102-500 TO 1-102-599 | 72 | 577
IMG_5913|2 N.P.T. BRASS NIPPLES | 1-102-500 TO 1-102-599 | 73 | 578
IMG_5913|2 N.P.T. BRASS NIPPLES | 1-102-500 TO 1-102-599 | 74 | 579
IMG_5913|2 N.P.T. BRASS NIPPLES | 1-102-500 TO 1-102-599 | 75 | 580
IMG_5913|2 N.P.T. BRASS NIPPLES | 1-102-500 TO 1-102-599 |
IMG_5914|Category | BOM Number | Length (in.) | Part No.
IMG_5914|3/4 N.P.T. Black Iron Nipples | 3-089-66 (To 3-089-69) | Close 1/8 | 601
IMG_5914|3/4 N.P.T. Black Iron Nipples | 3-089-66 (To 3-089-69) | 1 1/2 | 602
IMG_5914|3/4 N.P.T. Black Iron Nipples | 3-089-66 (To 3-089-69) | 2 | 603
IMG_5914|3/4 N.P.T. Black Iron Nipples | 3-089-66 (To 3-089-69) | 2 1/2 | 604
IMG_5914|3/4 N.P.T. Black Iron Nipples | 3-089-66 (To 3-089-69) | 3 | 605
IMG_5914|3/4 N.P.T. Black Iron Nipples | 3-089-66 (To 3-089-69) | 3 1/2 | 606
IMG_5914|3/4 N.P.T. Black Iron Nipples | 3-089-66 (To 3-089-69) | 4 | 607
IMG_5914|3/4 N.P.T. Black Iron Nipples | 3-089-66 (To 3-089-69) | 4 1/2 | 608
IMG_5914|3/4 N.P.T. Black Iron Nipples | 3-089-66 (To 3-089-69) | 5 | 609
IMG_5914|3/4 N.P.T. Black Iron Nipples | 3-089-66 (To 3-089-69) | 5 1/2 | 610
IMG_5914|3/4 N.P.T. Black Iron Nipples | 3-089-66 (To 3-089-69) | 6 | 611
IMG_5914|3/4 N.P.T. Black Iron Nipples | 3-089-66 (To 3-089-69) | 7 | 612
IMG_5914|3/4 N.P.T. Black Iron Nipples | 3-089-66 (To 3-089-69) | 8 | 613
IMG_5914|3/4 N.P.T. Black Iron Nipples | 3-089-66 (To 3-089-69) | 9 | 614
IMG_5914|3/4 N.P.T. Black Iron Nipples | 3-089-66 (To 3-089-69) | 10 | 615
IMG_5914|3/4 N.P.T. Black Iron Nipples | 3-089-66 (To 3-089-69) | 11 | 616
IMG_5914|3/4 N.P.T. Black Iron Nipples | 3-089-66 (To 3-089-69) | 12 | 617
IMG_5914|3/4 N.P.T. Black Iron Nipples | 3-089-66 (To 3-089-69) | 13 | 618
IMG_5914|3/4 N.P.T. Black Iron Nipples | 3-089-66 (To 3-089-69) | 14 | 619
IMG_5914|3/4 N.P.T. Black Iron Nipples | 3-089-66 (To 3-089-69) | 15 | 620
IMG_5914|3/4 N.P.T. Black Iron Nipples | 3-089-66 (To 3-089-69) | 16 | 621
IMG_5914|3/4 N.P.T. Black Iron Nipples | 3-089-66 (To 3-089-69) | 17 | 622
IMG_5914|3/4 N.P.T. Black Iron Nipples | 3-089-66 (To 3-089-69) | 18 | 623
IMG_5914|3/4 N.P.T. Black Iron Nipples | 3-089-66 (To 3-089-69) | 19 | 624
IMG_5914|3/4 N.P.T. Black Iron Nipples | 3-089-66 (To 3-089-69) | 20 | 625
IMG_5914|3/4 N.P.T. Black Iron Nipples | 3-089-66 (To 3-089-69) | 21 | 626
IMG_5914|3/4 N.P.T. Black Iron Nipples | 3-089-66 (To 3-089-69) | 22 | 627
IMG_5914|3/4 N.P.T. Black Iron Nipples | 3-089-66 (To 3-089-69) | 23 | 628
IMG_5914|3/4 N.P.T. Black Iron Nipples | 3-089-66 (To 3-089-69) | 24 | 629
IMG_5914|3/4 N.P.T. Black Iron Nipples | 3-089-66 (To 3-089-69) | 25 | 630
IMG_5914|3/4 N.P.T. Black Iron Nipples | 3-089-66 (To 3-089-69) | 26 | 631
IMG_5914|3/4 N.P.T. Black Iron Nipples | 3-089-66 (To 3-089-69) | 27 | 632
IMG_5914|3/4 N.P.T. Black Iron Nipples | 3-089-66 (To 3-089-69) | 28 | 633
IMG_5914|3/4 N.P.T. Black Iron Nipples | 3-089-66 (To 3-089-69) | 29 | 634
IMG_5914|3/4 N.P.T. Black Iron Nipples | 3-089-66 (To 3-089-69) | 30 | 635
IMG_5914|3/4 N.P.T. Black Iron Nipples | 3-089-66 (To 3-089-69) | 31 | 636
IMG_5914|3/4 N.P.T. Black Iron Nipples | 3-089-66 (To 3-089-69) | 32 | 637
IMG_5914|3/4 N.P.T. Black Iron Nipples | 3-089-66 (To 3-089-69) | 33 | 638
IMG_5914|3/4 N.P.T. Black Iron Nipples | 3-089-66 (To 3-089-69) | 34 | 639
IMG_5914|3/4 N.P.T. Black Iron Nipples | 3-089-66 (To 3-089-69) | 35 | 640
IMG_5914|3/4 N.P.T. Black Iron Nipples | 3-089-66 (To 3-089-69) | 36 | 641
IMG_5914|3/4 N.P.T. Black Iron Nipples | 3-089-66 (To 3-089-69) | 37 | 642
IMG_5914|3/4 N.P.T. Black Iron Nipples | 3-089-66 (To 3-089-69) | 38 | 643
IMG_5914|3/4 N.P.T. Black Iron Nipples | 3-089-66 (To 3-089-69) | 39 | 644
IMG_5914|3/4 N.P.T. Black Iron Nipples | 3-089-66 (To 3-089-69) | 40 | 645
IMG_5914|3/4 N.P.T. Black Iron Nipples | 3-089-66 (To 3-089-69) | 41 | 646
IMG_5914|3/4 N.P.T. Black Iron Nipples | 3-089-66 (To 3-089-69) | 42 | 647
IMG_5914|3/4 N.P.T. Black Iron Nipples | 3-089-66 (To 3-089-69) | 43 | 648
IMG_5914|3/4 N.P.T. Black Iron Nipples | 3-089-66 (To 3-089-69) | 44 | 649
IMG_5914|3/4 N.P.T. Black Iron Nipples | 3-089-66 (To 3-089-69) | 45 | 650
IMG_5914|3/4 N.P.T. Black Iron Nipples | 3-089-66 (To 3-089-69) | 46 | 651
IMG_5914|3/4 N.P.T. Black Iron Nipples | 3-089-66 (To 3-089-69) | 47 | 652
IMG_5914|3/4 N.P.T. Black Iron Nipples | 3-089-66 (To 3-089-69) | 48 | 653
IMG_5914|3/4 N.P.T. Black Iron Nipples | 3-089-66 (To 3-089-69) | 49 | 654
IMG_5914|3/4 N.P.T. Black Iron Nipples | 3-089-66 (To 3-089-69) | 50 | 655
IMG_5914|3/4 N.P.T. Black Iron Nipples | 3-089-66 (To 3-089-69) | 51 | 656
IMG_5914|3/4 N.P.T. Black Iron Nipples | 3-089-66 (To 3-089-69) | 52 | 657
IMG_5914|3/4 N.P.T. Black Iron Nipples | 3-089-66 (To 3-089-69) | 53 | 658
IMG_5914|3/4 N.P.T. Black Iron Nipples | 3-089-66 (To 3-089-69) | 54 | 659
IMG_5914|3/4 N.P.T. Black Iron Nipples | 3-089-66 (To 3-089-69) | 55 | 660
IMG_5914|3/4 N.P.T. Black Iron Nipples | 3-089-66 (To 3-089-69) | 56 | 661
IMG_5914|3/4 N.P.T. Black Iron Nipples | 3-089-66 (To 3-089-69) | 57 | 662
IMG_5914|3/4 N.P.T. Black Iron Nipples | 3-089-66 (To 3-089-69) | 58 | 663
IMG_5914|3/4 N.P.T. Black Iron Nipples | 3-089-66 (To 3-089-69) | 59 | 664
IMG_5914|3/4 N.P.T. Black Iron Nipples | 3-089-66 (To 3-089-69) | 60 | 665
IMG_5914|3/4 N.P.T. Black Iron Nipples | 3-089-66 (To 3-089-69) | 61 | 666
IMG_5914|3/4 N.P.T. Black Iron Nipples | 3-089-66 (To 3-089-69) | 62 | 667
IMG_5914|3/4 N.P.T. Black Iron Nipples | 3-089-66 (To 3-089-69) | 63 | 668
IMG_5914|3/4 N.P.T. Black Iron Nipples | 3-089-66 (To 3-089-69) | 64 | 669
IMG_5914|3/4 N.P.T. Black Iron Nipples | 3-089-66 (To 3-089-69) | 65 | 670
IMG_5914|3/4 N.P.T. Black Iron Nipples | 3-089-66 (To 3-089-69) | 66 | 671
IMG_5914|3/4 N.P.T. Black Iron Nipples | 3-089-66 (To 3-089-69) | 67 | 672
IMG_5914|3/4 N.P.T. Black Iron Nipples | 3-089-66 (To 3-089-69) | 68 | 673
IMG_5914|3/4 N.P.T. Black Iron Nipples | 3-089-66 (To 3-089-69) | 69 | 674
IMG_5914|3/4 N.P.T. Black Iron Nipples | 3-089-66 (To
IMG_5915|Category | BOM Number | Length (in.) | Part No.
IMG_5915|1/4 HBT Brass Nipples | 1-102-700 T. 1-102-749 | Close 1 1/8 | 701
IMG_5915|1/4 HBT Brass Nipples | 1-102-700 T. 1-102-749 | 2 | 702
IMG_5915|1/4 HBT Brass Nipples | 1-102-700 T. 1-102-749 | 2 1/2 | 703
IMG_5915|1/4 HBT Brass Nipples | 1-102-700 T. 1-102-749 | 3 | 704
IMG_5915|1/4 HBT Brass Nipples | 1-102-700 T. 1-102-749 | 3 1/2 | 705
IMG_5915|1/4 HBT Brass Nipples | 1-102-700 T. 1-102-749 | 4 | 706
IMG_5915|1/4 HBT Brass Nipples | 1-102-700 T. 1-102-749 | 4 1/2 | 707
IMG_5915|1/4 HBT Brass Nipples | 1-102-700 T. 1-102-749 | 5 | 708
IMG_5915|1/4 HBT Brass Nipples | 1-102-700 T. 1-102-749 | 5 1/2 | 709
IMG_5915|1/4 HBT Brass Nipples | 1-102-700 T. 1-102-749 | 6 | 710
IMG_5915|1/4 HBT Brass Nipples | 1-102-700 T. 1-102-749 | 7 | 711
IMG_5915|1/4 HBT Brass Nipples | 1-102-700 T. 1-102-749 | 8 | 712
IMG_5915|1/4 HBT Brass Nipples | 1-102-700 T. 1-102-749 | 9 | 713
IMG_5915|1/4 HBT Brass Nipples | 1-102-700 T. 1-102-749 | 10 | 714
IMG_5915|1/4 HBT Brass Nipples | 1-102-700 T. 1-102-749 | 11 | 715
IMG_5915|1/4 HBT Brass Nipples | 1-102-700 T. 1-102-749 | 12 | 716
IMG_5915|1/4 HBT Brass Nipples | 1-102-700 T. 1-102-749 | 13 | 717
IMG_5915|1/4 HBT Brass Nipples | 1-102-700 T. 1-102-749 | 14 | 718
IMG_5915|1/4 HBT Brass Nipples | 1-102-700 T. 1-102-749 | 15 | 719
IMG_5915|1/4 HBT Brass Nipples | 1-102-700 T. 1-102-749 | 16 | 720
IMG_5915|1/4 HBT Brass Nipples | 1-102-700 T. 1-102-749 | 17 | 721
IMG_5915|1/4 HBT Brass Nipples | 1-102-700 T. 1-102-749 | 18 | 722
IMG_5915|1/4 HBT Brass Nipples | 1-102-700 T. 1-102-749 | 19 | 723
IMG_5915|1/4 HBT Brass Nipples | 1-102-700 T. 1-102-749 | 20 | 724
IMG_5915|1/4 HBT Brass Nipples | 1-102-700 T. 1-102-749 | 21 | 725
IMG_5915|1/4 HBT Brass Nipples | 1-102-700 T. 1-102-749 | 22 | 726
IMG_5915|1/4 HBT Brass Nipples | 1-102-700 T. 1-102-749 | 23 | 727
IMG_5915|1/4 HBT Brass Nipples | 1-102-700 T. 1-102-749 | 24 | 728
IMG_5915|1/4 HBT Brass Nipples | 1-102-700 T. 1-102-749 | 25 | 729
IMG_5915|1/4 HBT Brass Nipples | 1-102-700 T. 1-102-749 | 26 | 730
IMG_5915|1/4 HBT Brass Nipples | 1-102-700 T. 1-102-749 | 27 | 731
IMG_5915|1/4 HBT Brass Nipples | 1-102-700 T. 1-102-749 | 28 | 732
IMG_5915|1/4 HBT Brass Nipples | 1-102-700 T. 1-102-749 | 29 | 733
IMG_5915|1/4 HBT Brass Nipples | 1-102-700 T. 1-102-749 | 30 | 734
IMG_5915|1/4 HBT Brass Nipples | 1-102-700 T. 1-102-749 | 31 | 735
IMG_5915|1/4 HBT Brass Nipples | 1-102-700 T. 1-102-749 | 32 | 736
IMG_5915|1/4 HBT Brass Nipples | 1-102-700 T. 1-102-749 | 33 | 737
IMG_5915|1/4 HBT Brass Nipples | 1-102-700 T. 1-102-749 | 34 | 738
IMG_5915|1/4 HBT Brass Nipples | 1-102-700 T. 1-102-749 | 35 | 739
IMG_5915|1/4 HBT Brass Nipples | 1-102-700 T. 1-102-749 | 36 | 740
IMG_5915|1/4 HBT Brass Nipples | 1-102-700 T. 1-102-749 | 37 | 741
IMG_5915|1/4 HBT Brass Nipples | 1-102-700 T. 1-102-749 | 38 | 742
IMG_5915|1/4 HBT Brass Nipples | 1-102-700 T. 1-102-749 | 39 | 743
IMG_5915|1/4 HBT Brass Nipples | 1-102-700 T. 1-102-749 | 40 | 744
IMG_5915|1/4 HBT Brass Nipples | 1-102-700 T. 1-102-749 | 41 | 745
IMG_5915|1/4 HBT Brass Nipples | 1-102-700 T. 1-102-749 | 42 | 746
IMG_5915|1/4 HBT Brass Nipples | 1-102-700 T. 1-102-749 | 43 | 747
IMG_5915|1/4 HBT Brass Nipples | 1-102-700 T. 1-102-749 | 44 | 748
IMG_5915|1/4 HBT Brass Nipples | 1-102-700 T. 1-102-749 | 45 | 749
IMG_5916|Category | BOM Number | Length (in.) | Part No.
IMG_5916|"1"" N.P.T. Black Iron Nipples "| 3-089-750 (To 3-089-799) | Close 1 1/2 | 751
IMG_5916|"1"" N.P.T. Black Iron Nipples "| 3-089-750 (To 3-089-799) | 2 | 752
IMG_5916|"1"" N.P.T. Black Iron Nipples "| 3-089-750 (To 3-089-799) | 2 1/2 | 753
IMG_5916|"1"" N.P.T. Black Iron Nipples "| 3-089-750 (To 3-089-799) | 3 | 754
IMG_5916|"1"" N.P.T. Black Iron Nipples "| 3-089-750 (To 3-089-799) | 3 1/2 | 755
IMG_5916|"1"" N.P.T. Black Iron Nipples "| 3-089-750 (To 3-089-799) | 4 | 756
IMG_5916|"1"" N.P.T. Black Iron Nipples "| 3-089-750 (To 3-089-799) | 4 1/2 | 757
IMG_5916|"1"" N.P.T. Black Iron Nipples "| 3-089-750 (To 3-089-799) | 5 | 758
IMG_5916|"1"" N.P.T. Black Iron Nipples "| 3-089-750 (To 3-089-799) | 5 1/2 | 759
IMG_5916|"1"" N.P.T. Black Iron Nipples "| 3-089-750 (To 3-089-799) | 6 | 760
IMG_5916|"1"" N.P.T. Black Iron Nipples "| 3-089-750 (To 3-089-799) | 7 | 761
IMG_5916|"1"" N.P.T. Black Iron Nipples "| 3-089-750 (To 3-089-799) | 8 | 762
IMG_5916|"1"" N.P.T. Black Iron Nipples "| 3-089-750 (To 3-089-799) | 9 | 763
IMG_5916|"1"" N.P.T. Black Iron Nipples "| 3-089-750 (To 3-089-799) | 10 | 764
IMG_5916|"1"" N.P.T. Black Iron Nipples "| 3-089-750 (To 3-089-799) | 11 | 765
IMG_5916|"1"" N.P.T. Black Iron Nipples "| 3-089-750 (To 3-089-799) | 12 | 766
IMG_5916|"1"" N.P.T. Black Iron Nipples "| 3-089-750 (To 3-089-799) | 13 | 767
IMG_5916|"1"" N.P.T. Black Iron Nipples "| 3-089-750 (To 3-089-799) | 14 | 768
IMG_5916|"1"" N.P.T. Black Iron Nipples "| 3-089-750 (To 3-089-799) | 15 | 769
IMG_5916|"1"" N.P.T. Black Iron Nipples "| 3-089-750 (To 3-089-799) | 16 | 770
IMG_5916|"1"" N.P.T. Black Iron Nipples "| 3-089-750 (To 3-089-799) | 17 | 771
IMG_5916|"1"" N.P.T. Black Iron Nipples "| 3-089-750 (To 3-089-799) | 18 | 772
IMG_5916|"1"" N.P.T. Black Iron Nipples "| 3-089-750 (To 3-089-799) | 19 | 773
IMG_5916|"1"" N.P.T. Black Iron Nipples "| 3-089-750 (To 3-089-799) | 20 | 774
IMG_5916|"1"" N.P.T. Black Iron Nipples "| 3-089-750 (To 3-089-799) | 21 | 775
IMG_5916|"1"" N.P.T. Black Iron Nipples "| 3-089-750 (To 3-089-799) | 22 | 776
IMG_5916|"1"" N.P.T. Black Iron Nipples "| 3-089-750 (To 3-089-799) | 23 | 777
IMG_5916|"1"" N.P.T. Black Iron Nipples "| 3-089-750 (To 3-089-799) | 24 | 778
IMG_5916|"1"" N.P.T. Black Iron Nipples "| 3-089-750 (To 3-089-799) | 25 | 779
IMG_5916|"1"" N.P.T. Black Iron Nipples "| 3-089-750 (To 3-089-799) | 26 | 780
IMG_5916|"1"" N.P.T. Black Iron Nipples "| 3-089-750 (To 3-089-799) | 27 | 781
IMG_5916|"1"" N.P.T. Black Iron Nipples "| 3-089-750 (To 3-089-799) | 28 | 782
IMG_5916|"1"" N.P.T. Black Iron Nipples "| 3-089-750 (To 3-089-799) | 29 | 783
IMG_5916|"1"" N.P.T. Black Iron Nipples "| 3-089-750 (To 3-089-799) | 30 | 784
IMG_5916|"1"" N.P.T. Black Iron Nipples "| 3-089-750 (To 3-089-799) | 31 | 785
IMG_5916|"1"" N.P.T. Black Iron Nipples "| 3-089-750 (To 3-089-799) | 32 | 786
IMG_5916|"1"" N.P.T. Black Iron Nipples "| 3-089-750 (To 3-089-799) | 33 | 787
IMG_5916|"1"" N.P.T. Black Iron Nipples "| 3-089-750 (To 3-089-799) | 34 | 788
IMG_5916|"1"" N.P.T. Black Iron Nipples "| 3-089-750 (To 3-089-799) | 35 | 789
IMG_5916|"1"" N.P.T. Black Iron Nipples "| 3-089-750 (To 3-089-799) | 36 | 790
IMG_5916|"1"" N.P.T. Black Iron Nipples "| 3-089-750 (To 3-089-799) | 37 | 791
IMG_5916|"1"" N.P.T. Black Iron Nipples "| 3-089-750 (To 3-089-799) | 38 | 792
IMG_5916|"1"" N.P.T. Black Iron Nipples "| 3-089-750 (To 3-089-799) | 39 | 793
IMG_5916|"1"" N.P.T. Black Iron Nipples "| 3-089-750 (To 3-089-799) | 40 | 794
IMG_5916|"1"" N.P.T. Black Iron Nipples "| 3-089-750 (To 3-089-799) | 41 | 795
IMG_5916|"1"" N.P.T. Black Iron Nipples "| 3-089-750 (To 3-089-799) | 42 | 796
IMG_5916|"1"" N.P.T. Black Iron Nipples "| 3-089-750 (To 3-089-799) | 43 | 797
IMG_5916|"1"" N.P.T. Black Iron Nipples "| 3-089-750 (To 3-089-799) | 44 | 798
IMG_5916|"1"" N.P.T. Black Iron Nipples "| 3-089-750 (To 3-089-799) | 45 | 799
