IMG_5876|Category | Subcategory | Part Number/ID | Description/Name
IMG_5876|--- | --- | --- | ---
IMG_5876|STANDARDS - MECHANICAL | | |
IMG_5876|Ball Bearings | Metal | 01-001-000 |
IMG_5876|| Ball | 01-002-000 |
IMG_5876|| Flange | 01-005-000 |
IMG_5876|| Pillow Block | 1-006-000 |
IMG_5876|| Radial Taper | 1-007-000 |
IMG_5876|| Needle & Cylindrical Roller | 1-008-000 |
IMG_5876|| Thrust | 1-009-000 |
IMG_5876|| Linear Bearings (Ball Bushings) | 1-010-000 |
IMG_5876|| Spherical Bearing | 1-011-000 |
IMG_5876|Belts | | |
IMG_5876|| Flat | 1-014-000 |
IMG_5876|| Round | 1-015-000 |
IMG_5876|| Timing | 1-015-000 |
IMG_5876||" ""V"" - A, B, C, D, & E Sections "| 1-016-000 |
IMG_5876|| - 2L, 3L, 4L, & 5L Sections | 1-017-000 |
IMG_5876|| - O | 1-018-000 |
IMG_5876|| - Flat | 1-019-000 |
IMG_5876|| - Veeios | 1-020-000 |
IMG_5876|| Fasteners | 1-021-000 |
IMG_5876|Cam Follower | (See 01-123-000) | 01-023-000 |
IMG_5876|Bushings | Oil Impregnated - Plain Cylindrical | 1-024-000 |
IMG_5876|| Flange | 1-025-000 |
IMG_5876|| Thrust | 1-026-000 |
IMG_5876|| Plain Bronze - Cylindrical | 1-027-000 |
IMG_5876|| Misc - Nylon, Acetal, Du, Etc | 1-028-000 |
IMG_5876|Bumpers | | 01-127-000 |
IMG_5876|Bushings | Taper Lock | 1-032-000 |
IMG_5876|Chain | Roller - Solid Pin | 1-035-000 |
IMG_5876|| - Hollow Pin | 1-037-000 |
IMG_5876|| Block | 1-039-000 |
IMG_5876|| Silent | 1-040-000 |
IMG_5876|| Attachments & Misc. | 1-041-000 |
IMG_5876|Clamps | Cable | 1-045-000 |
IMG_5876|| Hose | 1-046-000 |
IMG_5876|| Pipe | 1-047-000 |
IMG_5876|| Misc. | 1-048-000 |
IMG_5877|Category | Subcategory | Part Number
IMG_5877|---|---|---
IMG_5877|Clutch/Brake | Mechanical Operated | 1-050-000
IMG_5877| | Electrical | 1-051-000
IMG_5877| | Air | 1-052-000
IMG_5877| | Misc. Parts | 1-053-000
IMG_5877|Code Daters/Printers/Labelers/Placers/Lazi | Hand Sealers - Tear Strip | 1-054-000
IMG_5877|Collars | Steel (One S.S.) | 1-055-000
IMG_5877| | Stainless (One SS) | 1-056-000
IMG_5877| | Steel Split | 1-057-000
IMG_5877| | Stainless Split | 1-058-000
IMG_5877| | Miscellaneous | 1-059-000
IMG_5877|Counters | Mechanical | 01-060-000
IMG_5877| | Electrical | 01-061-000
IMG_5877| | Position Indicators | 01-062-000
IMG_5877|Couplings | Flexible | 1-063-000
IMG_5877| | Rigid | 1-064-000
IMG_5877|Cups | Suction | 01-065-000
IMG_5877|Cylinders | Air | 1-066-000
IMG_5877| | Hydraulic | 1-067-000
IMG_5877|Filters | Air (Combo Units) | 1-070-000
IMG_5877| | Filters | 1-071-000
IMG_5877| | Regulators & MTG Brackets | 1-072-000
IMG_5877| | Lubricators | 1-073-000
IMG_5877|Fittings | Hose | 1-074-000
IMG_5877| | Tube | 1-075-000
IMG_5877| | Pipe | 1-076-000
IMG_5877| | Oil & Grease | 1-077-000
IMG_5877| | Compression | 1-078-000
IMG_5877| | Pipe - High Pressure & Special | 1-079-000
IMG_5877|Gauges | Pressure & Flow | 1-082-000
IMG_5877| | Vacuum | 1-083-000
IMG_5877| | Sight | 1-083-500
IMG_5878|Category | Subcategory | Part Number
IMG_5878|---|---|---
IMG_5878|GEARS | Bevel & Miter | 1-085-000
IMG_5878| | Helical | 1-086-000
IMG_5878| | Spur | 1-087-000
IMG_5878| | Worm & Worm Gear | 1-088-000
IMG_5878|GEAR DRIVES | Right Angle Boxes | 1-089-000
IMG_5878|HANDLES/LATCHES |  | 1-090-000
IMG_5878|HANDWHEELS/CRANK HANDLES |  | 1-091-000
IMG_5878|HINGES | Butt | 1-092-000
IMG_5878| | Piano | 1-093-000
IMG_5878| | Misc. | 1-094-000
IMG_5878|INDICATORS |  | 01-094-500
IMG_5878|JOINTS | Universal | 1-095-000
IMG_5878|KNOBS |  | 1-096-000
IMG_5878|LOCKS | Padlocks, Master | 1-097-000
IMG_5878|MAGNETS |  | 1-098-000
IMG_5878|MUFFLERS |  | 1-100-000
IMG_5878|NIPPLES | Hose (Hose Stems) | 1-101-000
IMG_5878| | Pipe | 1-102-000
IMG_5878| | Chase | 1-103-000
IMG_5878|PADS | Leveling | 1-104-000
IMG_5878| | Tube Ends |
IMG_5879|Category | Subcategory | Part Number or ID
IMG_5879|Plunger | Spring, Detent Pins, Quick Release Pins | 1-108-000
IMG_5879|Pumps | Air/Vacuum/Compressors | 1-110-000
IMG_5879|Pumps | Liquid | 1-111-000
IMG_5879|Pulleys | Flat | 1-112-000
IMG_5879|Pulleys | Timing | 1-113-000
IMG_5879|Pulleys |" ""V"" "| 1-114-000
IMG_5879|Pulleys | Vari-Speed | 1-115-000
IMG_5879|Pulleys | UHMW-Polyethylene | 1-116-000
IMG_5879|Reducers | | 1-118-000
IMG_5879|Rings |" ""O"" "| 01-120-000
IMG_5879|Rings | Retaining | 01-121-000
IMG_5879|Rings | Wire (For Quick Releas Pins) | 01-121-900
IMG_5879|Rod Ends | | 1-122-000
IMG_5879|Rollers | Cam Followers | 01-123-000
IMG_5879|Rollers | Plain | 1-123-500
IMG_5879|Rolls | | 1-124-000
IMG_5879|Seals | Oil | 1-125-000
IMG_5879|Shims | | 1-126-000
IMG_5879|Shock Absorbers & Bumpers | | 1-127-000
IMG_5879|Signs | Safety (Decals, Etc.) | 01-130-000
IMG_5879|Signs | Name Plate | 01-131-000
IMG_5880|Category | Subcategory | Description | Part Number
IMG_5880|---|---|---|---
IMG_5880|Spacers/Standoffs | Springs | Compression | 1-131-500
IMG_5880|| | Tension | 1-132-000
IMG_5880|| | Torsion | 1-133-000
IMG_5880|| | Misc. (Gas Cyl. - Shock) | 1-135-000
IMG_5880|Sprockets | | Roller Chain #25 | 1-136-000
IMG_5880|| | 35 | 1-137-000
IMG_5880|| | 40 | 1-138-000
IMG_5880|| | 50 | 1-139-000
IMG_5880|| | 60 | 1-140-000
IMG_5880|| | Idlers | 1-144-000
IMG_5880|Studs | | Silent Chain | 1-145-000
IMG_5880|| | Plain | 1-146-000
IMG_5880|Tunnels | | Threaded | 1-146-500
IMG_5880|Valves | | Shear | 1-147-000
IMG_5880|| | Solenoid | 1-148-000
IMG_5880|| | Needle & Flow Control | 1-149-000
IMG_5880|| | Manual | 1-150-000
IMG_5880|Vacuum Pumps/Generators | | | 1-153-000
IMG_5880|Vibrators | | | 1-154-000
IMG_5880|Wheels | | Plain | 1-155-000
IMG_5880|| | Rigid Mounted | 1-156-000
IMG_5880|| | Caster Mounted | 1-157-000
IMG_5880|| | Guide | 1-158-000
IMG_5880|Wrenches | | | 1-160-000
IMG_5880|Yoke Ends | | | 1-170-000
IMG_5880|Misc. Mechanical Drives | | | 1-171-000
IMG_5880|Drive Tighteners & Idlers | | | 1-175-000
IMG_5880|Plugs | | Tubing | 1-180-000
IMG_5880|Knives & Anvils | | | 1-198-000
IMG_5881|Category | Part Number | Description | Specification | Size/Dimensions
IMG_5881|---------|-------------|-------------|---------------|------------------
IMG_5881|HANDLES | 1-090-001 | KIPP-STANDARD ADJUSTABLE HANDLE | STUD TYPE WITH 1/2-13 THREAD - 1.18 STUD LENGTH | PART NO. HAS-.350 x 1/2-13 x 1.18 x 30°
IMG_5881|HANDLES | 1-090-002 | SOUTHCO NO 24 ADJUSTABLE GRIP FLUSH LATCH | STANDARD MODEL -RH CAT NO 24-10-101-10 | 
IMG_5881|HANDLES | 1-090-003 | SOUTHCO NO 24 ADJUSTABLE GRIP FLUSH LATCH | STANDARD MODEL -LH CAT NO 24-10-201-10 | 
IMG_5881|HANDLES | 1-090-004 | WROUGHT STEEL -BLACK FINISH | MC MASTER - CARR CAT'L #1646A11 | 
IMG_5881|HANDLES | 1-090-005 | KIPP/ELESA ADJUSTABLE HANDLE | STUD TYPE WITH M8 THD. - 30 MM STUD LG. | #2 SIZE, PART NO. 39152 (PMT SUPPLY INC.)
IMG_5881|HANDLES | 1-090-006 | KIPP/ELESA ADJUSTABLE HANDLE | WITH M6 TAP | #2 SIZE, PART NO. 39011 (PMT SUPPLY INC.)
IMG_5881|HANDLES | 1-090-007 | SOUTHCO SPRING LATCH - SERIES 19 | BLACK KNOB, MTG. STYLE RIVET | PART # ST-10-401-10
IMG_5881|HANDLES | 1-090-008 | KIPP/ELESA ADJUSTABLE HANDLE | WITH M12 TAP | #5 SIZE, PART NO. 39051 (PMT SUPPLY INC.)
IMG_5881|HANDLES | 1-090-009 | SOUTHCO SPRING LATCH - SERIES 30 | BLACK KNOB - TAPPED HOLES (4-40) | PART # ST-30-403-10
IMG_5881|HANDLES | 1-090-010 | KIPP/ELESA ADJUSTABLE HANDLE | WITH M10 TAP | #4 SIZE, PART NO. 39041 (PMT SUPPLY INC.)
IMG_5882|Category | Part Number | Description | Specification | Dimensions
IMG_5882|Handles/Latches | 1-090-011-7 | Latch: Toggle + Draw Pull-ST.ST. | McMaster # 1689A34 |" 2"" Pull Length"
IMG_5882|Handles/Latches | 01-090-012-7 | Revolving Handle | Reid HR-19 | 
IMG_5882|Handles/Latches | 01-090-013-7 | Handle | McMaster # 5745SK61 | 
IMG_5882|Handles/Latches | 01-090-014-7 | Handle - Adjustable | Reid # KHB-34 | 3/8-16 Tapped Insert
IMG_5882|Handles/Latches | 01-090-015-7 | Handle - Adjustable | Reid # KHB-62 |" 5/16-18 x 1"" Threaded Steel Stud"
IMG_5882|Handles/Latches | 01-090-016-7 | Three Way Standard Catch-Dull Chrome | McMaster # 1790A15 | 
IMG_5882|Handles/Latches | 01-090-017-7 | Handle - Adjustable | Reid # KHB-66 |" 5/16-18 x 1""7"
IMG_5882|Handles/Latches | 01-090-018-7 | Handle - Adjustable - Stud Type | Reid Cat No. KHD-54 | M8 x 45
IMG_5882|Handles/Latches | 01-090-019-7 | Handle - Adjustable - Tapped Hole Type | Reid Cat No. KHD-16 | M10 x 1.50, Handle Length - 80mm
IMG_5882|Handles/Latches | 01-090-020-7 | Handle - Adjustable - Threaded Stud Type | Reid Cat # KHA-126 |" 5/16-18 x 1.77""Lg"
IMG_5882|Handles/Latches | 01-090-021-7 | Handle - Adjustable - Tapped Hole Type | Reid Cat # KHD-14 | M8 x 1.25, 80mm Lg Handle
IMG_5882|Handles/Latches | 01-090-022-7 | Latch - Clamp ST. ST. | Reid Part No. TC-323-SS | 
IMG_5882|Handles/Latches | 01-090-023-7 | Grip Latch - Standard Slotted Screw Style | McMaster No. 1626A29 | Grip Range 3/4 to 1 1/8
IMG_5882|Handles/Latches | 01-090-024-7 | Trim Plate | McMaster No. 1626A45 |
IMG_5883|Category | Part Number | Description | Specification | Dimensions | Additional Info
IMG_5883|---|---|---|---|---|---
IMG_5883|HANDLES/LATCHES | 01-090-025-7 | PAW LATCH - KNURLED | GRIP RANGE 3/64 - 5/64 | | MCMASTER-CARR NO. 1997A41
IMG_5883|| 01-090-026-7 | SOUTHCO LIFT-AND TURN FLUSH LATCH | 400 SERIES | GRIP RANGE 9/16 - 1 1/8 POLISHED CHROME | PART NO. 62-10-401-10, PURCH FROM THOMAS HARDWARE - READING, TEL. 1-800-228-3568
IMG_5883|| 01-090-027-7 | HANDLE-ADJUSTABLE-REID | KHB-734 |" 5/16-18 X 1"" THREADED STAINLESS STEEL STUD "|
IMG_5883|| 01-090-028-7 | CLAMPING LEVER - CHROME PL STEEL WITH BAKELITE BALL | REID #D4-20A | |
IMG_5883|| 01-090-029-7 | CRANK HANDLE - ALUMINUM CRANK W/ REVOLVING PLASTIC HANDLE |" 5/8"" BORE, 6"" OAL "| MCMASTER # 6473K78
IMG_5883|| 01-090-030-7 | HANDLE-ADJUSTABLE-REID | KHB-742 | 5/16-18 X 2.3616 THREADED STAIN STEEL ST. |
IMG_5883|| 01-090-031-7 | HANDLE | REID VPH-232 | 9/16 DIA. 3 1/2 C TO C S.S. #10-32 TAP |
IMG_5883|| 01-090-032-7 | HANDLE - ELESA CODE | 137313 | VENDOR - NOLU |
IMG_5883|| 01-090-033-7 | SOUTHCO LIFT & TURN LATCH | PART NO - 62-10-21 (37C772) | 5/16-18 X 1:12 LG THD. | 1-300 T/PC, FOUND IN STOCK ROOM NO PO
IMG_5883|| 01-090-034-7 | HANDLE-ADJUSTABLE-THREADED STUD TYPE | REID CAT# KHA-120 | 5/16-18 X .75 LG |
IMG_5884|Category | Part Number | Description | Material/Specification | Dimensions/Size | Additional Info
IMG_5884|---|---|---|---|---|---
IMG_5884|Handles/Latches | 01-090-035-7 | Handle - Adjustable - Thrd Stud Type | |" 1/4-20 x 1.19""Lg "| Reid Cat# KHA-112, Essentra - KHA1184
IMG_5884|Handles/Latches | 01-090-036-7 | Handle - Adjustable - Thrd Stud | All 303 S.S. | 3/8-16 | Reid KH2-68
IMG_5884|Handles/Latches | 01-090-037-7 | Handle - Adjustable | All 303 S.S. | 3/8-16 Tap | Reid KH2-12
IMG_5884|Handles/Latches | 01-090-038-7 | Handle - Adjustable | | 3/8-16 x 1.18 Thrd Stud | Reid # KHB-62 (or Equal)
IMG_5884|Handles/Latches | 01-090-039-7 | Drawer Pull | Chrome Finish |" 3"" Centers "| Liberty Hardware #P60486C-PC-C (#4700), Available @ Home Depot MCM #1568431
IMG_5884|Handles/Latches | 01-090-040-7 | Hood Latch - Straight Style | Type 304 Stainless Steel | | McMaster # 1344A13
IMG_5884|Handles/Latches | 01-090-041-7 | Hooking Bracket (Use with 040) | Type 304 Stainless Steel | | McMaster #1344A19
IMG_5884|Handles/Latches | 01-090-042-7 | Plastic Pull Handle | | 5/16-18 Mounting Screws - 4.61 Centers | Reid Cat # KH0-55
IMG_5884|Handles/Latches | 01-090-043-7 | Plastic Heavy Duty Handle | |" 5/16-18 Tapped Holes on 5.12"" Centers "| Value Guide/Nolu Plastics Cat #VG-632-516
IMG_5884|Handles/Latches | 01-090-044-7 | Phenolic Tapered Handle | |" 7/8"" Dia x 2 9/64""Lg with 5/16-18 Brass Insert "| McMaster # 57455K54
IMG_5885|Category | Part Number | Description | Specifications
IMG_5885|Handles/Latches | 01-090-045-7 | Vinyl Grip |" Fits 5/8"" shaft OD - 4 7/8"" OAL - RED, McMaster # 9706SK28"
IMG_5885|Handles/Latches | 01-090-046-7 | Handle - Adjustable - Thrd Stud Type | 3/8-16 x 2.36 LG STAIN ST, REID # KHT-52
IMG_5885|Handles/Latches | 01-090-047-7 | Handle - Adjustable - Thrd Stud | 3/8-16 x 1.00 LG - ST.ST, REID # JCL-291
IMG_5885|Handles/Latches | 01-090-048-7 | Handle - ADJ - Thermoplastic Handle | 5/16-18 x .75 ST.ST. STUD, REID # JCL-252
IMG_5885|Handles/Latches | 01-090-049-7 | Handle - ADJ - Thermoplastic Handle | 5/16-18 x 1.50 ST.ST. STUD, REID # JCL-256
IMG_5885|Handles/Latches | 01-090-050-7 | Handle - ADJ - Thermoplastic Handle | 5/16-18 x 1.00 ST.ST. STUD, REID # JCL-253 = KHT-84
IMG_5885|Handles/Latches | 01-090-051-7 | Plastic Standard Duty Pull Handle | 1/4-20 Tapped Holes on 4 1/8 Centers, Value Guide (Solus) Cat # VG-L81-14 BLACK
IMG_5885|Handles/Latches | 01-090-052-7 | Handle - Adjustable - ST.ST. Stud Type |" 3/8-16 x 1.57"" STUD, Essentracomponents Cat N° KHA-4856 Pg66"
IMG_5885|Handles/Latches | 01-90-053-7 | Handle - Adjustable - Thermoplastic Handle | 1/4-20 x .78 ST. STUD AND INSERT, MONROE # MAL8100
IMG_5886|Category | Part Number | Description | Dimensions | Additional Info
IMG_5886|--- | --- | --- | --- | ---
IMG_5886|- | 01-090-0547 | Handle - Adjustable | 3/8-16 x 1 3/16 | McMaster # 6205K23
IMG_5887|Category | Part Number | Description | Material | Dimensions | Additional Info
IMG_5887|---|---|---|---|---|---
IMG_5887|Hand Wheel | 1-091-001 | Spoked Hand Wheel, Dished Type | Alum. |" 4"" O.D. "| With Handle, McMaster # 6022K24
IMG_5887|Hand Wheel | 1-091-002 | Hand Wheel - Modified | Alum. | 1/2 Bore | M6-1.0 Tap, Alter 1-091-001
IMG_5887|Handwheel | 01-091-003-1 | Dial Position Indicator | - | 3/8 Bore | Siko No. HST81-SS0N-301-2-3G
IMG_5887|Handwheel | 01-091-004-1 | Dial Position Indicator | - |" 1/2"" Bore "| Siko No. HK10 B-SS0N-301-2 MG, With Set Screw
IMG_5887|Handwheel | 01-091-005-1 | Dial Position Indicator | - |" 3/8"" Bore "| Siko No. HST 31-SS0N-201-2-06, With Set Screw
IMG_5887|Handwheel | 01-091-006-1 | With Revolving Handle | Aluminium |" 3.94"" O.D. x 1/2 Bore "| Kipp/Elesa, Part No. 30904, For Modification
IMG_5887|Handwheel | 01-091-007-1 | Without Handle | Aluminum | 5.51 O.D. x .625 Bore | Kipp/Elesa, Part No. 30916, KHW130
IMG_5887|Handwheel | 01-091-008-1 | With Safety Clutch | Aluminum | 200 O.D. - 12mm Shaft Size | Kipp/Elesa Part No 30848 (No Handle) or Winco 18KE60/A21
IMG_5887|Hand Wheel | 01-091-009-1 | Modification (01-091-008-1) | - | - |" Add 1/4""-20 Tap"
IMG_5888|Part Number | Description
IMG_5888|-------------|------------
IMG_5888|01-091-010-7 |" SIKO HANDWHEEL ALUM. DIAL POSITION INDICATOR SIKO #HT73-350W-BA-1-0 WITH 3/8"" BORE + SET SCREW *SAME AS 01-091-005-7 BUT IN ALUM."
IMG_5888|01-091-011-7 | SIKO HANDWHEEL-DIAL POSITION INDICATOR SIKO# DA04-00-97 KENDALL'S SCREW FEEDER
IMG_5888|01-091-012-7 | REID ALUMINUM CRANK HANDLE WITH REVOLVING HANDLE REID CAT. # C7-40
IMG_5888|01-091-013-7 |" ALUMINUM HANDWHEEL W/ SAFETY CLUTCH - WITHOUT HANDLE - 5.51"" DIA. x 14MM BORE W/ KEYWAY WINCO # 14KE691AZI"
IMG_5888|01-091-014-7 | POSITION INDICATOR - ANALOG/DIGITAL, 1:1 RATIO, PLASTIC (USE W/ -015-7 HUB) WINCO # EN 000.3-60-0001.0-R
IMG_5888|01-091-015-7 | KNOB- POSITION INDICATOR - 12MM BORE (USE W/ -014-7) WINCO # EN 526.3-80-B12
IMG_5888|01-091-016-7 |" SOLID BLACK PLASTIC HANDWHEEL MACHINABLE HUB - 10"" DIA. MCM. # 6140SK66"
IMG_5889|Category | Part Number | Description | Material/Specification | Dimensions/Size | Additional Info
IMG_5889|HINGE-BUTT | 1-092-000 | | | |
IMG_5889|| 01-092-001-7 | STAINLESS STEEL BLANK SURFACE HINGE | |" 2"" OPEN WIDTH, 2"" JOINT LENGTH, .062"" THICK "| McMASTER CAT # 1624A12
IMG_5889|| 01-092-002-7 | PLAIN STEEL FINISH LOOSE PIN HINGE | |" 1 1/8"" OPEN WIDTH, 2 1/2"" LEAF HEIGHT, .064"" TH. DRILLED FOR "| McMASTER # 1597A15
IMG_5889|| 01-092-003-7 | STAINLESS STEEL UTILITY HINGE | 304 ST.ST. |" 1 1/2"" LEAF HT. - 3"" OPEN WIDTH - .080 THICK "| #8 SCREW SIZE, McMASTER # 1549A59
IMG_5889|| 01-092-004-7 | HINGE - NOLD | | | #V4-633-GR (GRAY)
IMG_5890|Category | Part Number | Description | Material | Dimensions | Specification
IMG_5890|Hinge - Continuous | 01-093-001-7 | Hinge-Continuous | Stain. Steel |" .040"" Thick x 1 1/2"" x 72""Lg "| 3/32 Pin | SS040024
IMG_5890|Hinge - Continuous | 01-093-002-7 | Hinge-Continuous | Steel |" .060"" Thick x 1 1/2"" x 72""Lg "| 1/8 Pin | S063024
IMG_5890|Hinge - Continuous | 01-093-003-7 | Hinge-Continuous | Stain. Steel |" .080"" Thick x 2"" x 72""Lg "| 1/8 Pin | SS062032
IMG_5890|Hinge - Continuous | 01-093-004-7 | Hinge-Continuous | Stain. Steel |" .060"" Thick x 1 1/2"" x 72""Lg "| 3/16 Pin | SS065024
IMG_5890|Hinge - Continuous | 01-093-005-7 | Hinge-Continuous | Stain. Steel |" .060"" Thick x 1 1/2"" x 72""Lg "| 1/8 Pin | SS062024
IMG_5890|Hinge - Continuous | 01-093-006-7 | Hinge-Continuous | Steel |" .050"" Thick x 2"" x 72""Lg "| 1/8 Pin | S052032
IMG_5890|Hinge - Continuous | 01-093-007-7 | Hinge-Continuous | Steel |" .040"" Thick x 1 1/4"" x 72""Lg "| 3/32 Pin | S040020
IMG_5890|Hinge - Continuous | 01-093-008-7 | Hinge-Continuous | Steel |" .090"" Thick x 3"" x 72""Lg "| 1/4 Pin | S073048
IMG_5890|Hinge - Continuous | 01-093-009-7 | Hinge-Continuous | Steel |" .075"" Thick x 3"" x 72""Lg "| 1/4 Pin | S076048
IMG_5890|Hinge - Continuous | 01-093-010-7 | Hinge-Continuous | Steel |" .060"" Thick x 2"" x 96""Lg "| 1/8 Pin | S063032
IMG_5890|Hinge - Continuous | 01-093-011-7 | Hinge-Continuous | Steel |" .060"" Thick x 1 1/4"" x 72""Lg "| 1/8 Pin | S063020
IMG_5890|Hinge - Continuous | 01-093-012-7 | Hinge-Continuous | Stain. Steel |" .090"" Thick x 3"" x 72""Lg "| 1/4 Pin | SS093048
IMG_5891|Part Number | Description | Material | Dimensions | Pin Size | Part Number
IMG_5891|---|---|---|---|---|---
IMG_5891|01-093-013-7 | HINGE-CONTINUOUS-STAIN.STEEL |" .040"" THICK x 1¼"" x 72""LG "| 3/32 PIN | SS040020
IMG_5891|01-093-014-7 | HINGE-CONTINUOUS-STEEL |" .060"" THICK x 2½"" x 96""LG "| 1/8 PIN | S063040
IMG_5891|01-093-015-7 | HINGE-CONTINUOUS-STAIN.STEEL |" .078"" THICK x 3"" x 72""LG "| ¼ PIN | SS076048
IMG_5891|01-093-016-7 | HINGE-CONTINUOUS-STAIN.STEEL |" .060"" THICK x 2"" x 72""LG "| 3/16 PIN | SS065032
IMG_5891|01-093-017-7 | HINGE-CONTINUOUS-STAIN STEEL |" .060 THK X 3"" x 72""LG "| 3/16 PIN | SS065048
IMG_5891|01-093-018-7 | HINGE-CONTINUOUS-STAIN.STEEL |" .060 THK X 2½"" x 72LG "| 3/16 PIN | SS065040
IMG_5891|01-093-019-7 | HINGE-CONTINUOUS-STAIN.STL |" .075 THICK x 3"" x 72""LG "| 3/16 PIN | SS074048
IMG_5891|01-093-020-7 | HINGE-CONTINUOUS-STAIN.STL |" .060"" THICK x 2½"" x 96""LG "| 1/8 PIN | SS062040
IMG_5891|01-093-021-7 | HINGE-CONTINUOUS-STAIN.STL |" .060"" THICK x 1¼ x 72""LG "| 1/8 PIN | MCMASTER #1582A319 SS062020
IMG_5891|01-093-022-7 | HINGE-CONTINUOUS-ST.ST. |" .060 TH. x 4"" "| 1/8 PIN (2' LONG) | MCMASTER #1582A89
IMG_5891|01-093-023-7 | HINGE-CONTINUOUS-ST.ST. |" .060"" TH x 2"" "| 1/8 PIN x 2' LG | MCMASTER #1582A271
IMG_5893|Category | Subcategory | Part Number | Gauge | Open Width | Pin Diameter | Knuckle Length
IMG_5893|Steel Continuous Hinges | Equal Leaves - Steel Pins | S035012 | .035 | 1 | 3/32 | 1/4
IMG_5893|Steel Continuous Hinges | Equal Leaves - Steel Pins | S035017 | .035 | 1 1/16 | 3/32 | 1/4
IMG_5893|Steel Continuous Hinges | Equal Leaves - Steel Pins | S035020 | .035 | 1 1/4 | 3/32 | 1/4
IMG_5893|Steel Continuous Hinges | Equal Leaves - Steel Pins | S035024 | .035 | 1 1/2 | 3/32 | 1/4
IMG_5893|Steel Continuous Hinges | Equal Leaves - Steel Pins | S040017 | .040 | 1 1/16 | 3/32 | 1/2
IMG_5893|Steel Continuous Hinges | Equal Leaves - Steel Pins | S040020 | .040 | 1 1/4 | 3/32 | 1/2
IMG_5893|Steel Continuous Hinges | Equal Leaves - Steel Pins | S040024 | .040 | 1 1/2 | 3/32 | 1/2
IMG_5893|Steel Continuous Hinges | Equal Leaves - Steel Pins | S040032 | .040 | 2 | 3/32 | 1/2
IMG_5893|Steel Continuous Hinges | Equal Leaves - Steel Pins | S052020 | .050 | 1 1/4 | 1/8 | 1/2
IMG_5893|Steel Continuous Hinges | Equal Leaves - Steel Pins | S052024 | .050 | 1 1/2 | 1/8 | 1/2
IMG_5893|Steel Continuous Hinges | Equal Leaves - Steel Pins | S052028 | .050 | 1 3/4 | 1/8 | 1/2
IMG_5893|Steel Continuous Hinges | Equal Leaves - Steel Pins | S052032 | .050 | 2 | 1/8 | 1/2
IMG_5893|Steel Continuous Hinges | Equal Leaves - Steel Pins | S052040 | .050 | 2 1/2 | 1/8 | 1/2
IMG_5893|Steel Continuous Hinges | Equal Leaves - Steel Pins | S052048 | .050 | 3 | 1/8 | 1/2
IMG_5893|Steel Continuous Hinges | Equal Leaves - Steel Pins | S062020 | .060 | 1 1/4 | 1/8 | 1/2
IMG_5893|Steel Continuous Hinges | Equal Leaves - Steel Pins | S062024 | .060 | 1 1/2 | 1/8 | 1/2
IMG_5893|Steel Continuous Hinges | Equal Leaves - Steel Pins | S062032 | .060 | 2 | 1/8 | 1/2
IMG_5893|Steel Continuous Hinges | Equal Leaves - Steel Pins | S062040 | .060 | 2 1/2 | 1/8 | 1/2
IMG_5893|Steel Continuous Hinges | Equal Leaves - Steel Pins | S062048 | .060 | 3 | 1/8 | 1/2
IMG_5893|Steel Continuous Hinges | Equal Leaves - Steel Pins | S062056 | .060 | 3 1/2 | 1/8 | 1/2
IMG_5893|Steel Continuous Hinges | Equal Leaves - Steel Pins | S062064 | .060 | 4 | 1/8 | 1/2
IMG_5893|Steel Continuous Hinges | Equal Leaves - Steel Pins | S063020 | .060 | 1 1/4 | 1/8 | 1
IMG_5893|Steel Continuous Hinges | Equal Leaves - Steel Pins | S063024 | .060 | 1 1/2 | 1/8 | 1
IMG_5893|Steel Continuous Hinges | Equal Leaves - Steel Pins | S063032 | .060 | 2 | 1/8 | 1
IMG_5893|Steel Continuous Hinges | Equal Leaves - Steel Pins | S063040 | .060 | 2 1/2 | 1/8 | 1
IMG_5893|Steel Continuous Hinges | Equal Leaves - Steel Pins | S063048 | .060 | 3 | 1/8 | 1
IMG_5893|Steel Continuous Hinges | Equal Leaves - Steel Pins | S063056 | .060 | 3 1/2 | 1/8 | 1
IMG_5893|Steel Continuous Hinges | Equal Leaves - Steel Pins | S063064 | .060 | 4 | 1/8 | 1
IMG_5893|Steel Continuous Hinges | Equal Leaves - Steel Pins | S064024 | .060 | 1 1/2 | 3/16 | 1
IMG_5893|Steel Continuous Hinges | Equal Leaves - Steel Pins | S064032 | .060 | 2 | 3/16 | 1
IMG_5893|Steel Continuous Hinges | Equal Leaves - Steel Pins | S064040 | .060 | 2 1/2 | 3/16 | 1
IMG_5893|Steel Continuous Hinges | Equal Leaves - Steel Pins | S064048 | .060 | 3 | 3/16 | 1
IMG_5893|Steel Continuous Hinges | Equal Leaves - Steel Pins | S064056 | .060 | 3 1/2 | 3/16 | 1
IMG_5893|Steel Continuous Hinges | Equal Leaves - Steel Pins | S064064 | .060 | 4 | 3/16 | 1
IMG_5893|Steel Continuous Hinges | Equal Leaves - Steel Pins | S065024 | .060 | 1 1/2 | 3/16 | 1/2
IMG_5893|Steel Continuous Hinges | Equal Leaves - Steel Pins | S065032 | .060 | 2 | 3/16 | 1/2
IMG_5893|Steel Continuous Hinges | Equal Leaves - Steel Pins | S065040 | .060 | 2 1/2 | 3/16 | 1/2
IMG_5893|Steel Continuous Hinges | Equal Leaves - Steel Pins | S065048 | .060 | 3 | 3/16 | 1/2
IMG_5893|Steel Continuous Hinges | Equal Leaves - Steel Pins | S065056 | .060 | 3 1/2 | 3/16 | 1/2
IMG_5893|Steel Continuous Hinges | Equal Leaves - Steel Pins | S065064 | .060 | 4 | 3/16 | 1/2
IMG_5893|Steel Continuous Hinges | Equal Leaves - Steel Pins | S074024 | .075 | 1 1/2 | 3/16 | 1
IMG_5893|Steel Continuous Hinges | Equal Leaves - Steel Pins | S074032 | .075 | 2 | 3/16 | 1
IMG_5893|Steel Continuous Hinges | Equal Leaves - Steel Pins | S074040 | .075 | 2 1/2 | 3/16 | 1
IMG_5893|Steel Continuous Hinges | Equal Leaves - Steel Pins | S074048 | .075 | 3 | 3/16 | 1
IMG_5893|Steel Continuous Hinges | Equal Leaves - Steel Pins | S074056 | .075 | 3 1/2 | 3/16 | 1
IMG_5893|Steel Continuous Hinges | Equal Leaves - Steel Pins | S074064 | .075 | 4 | 3/16 | 1
IMG_5893|Steel Continuous Hinges | Equal Leaves - Steel Pins | S076024 | .075 | 1 1/2 | 1/4 | 1
IMG_5893|Steel Continuous Hinges | Equal Leaves - Steel Pins | S076032 | .075 | 2 | 1/4 | 1
IMG_5893|Steel Continuous Hinges | Equal Leaves - Steel Pins | S076040 | .075 | 2 1/2 | 1/4 | 1
IMG_5893|Steel Continuous Hinges | Equal Leaves - Steel Pins | S076048 | .075 | 3 | 1/4 | 2
IMG_5893|Steel Continuous Hinges | Equal Leaves - Steel Pins | S076056 | .075 | 3 1/2 | 1/4 | 2
IMG_5893|Steel Continuous Hinges | Equal Leaves - Steel Pins | S076064 | .075 | 4 | 1/4 | 2
IMG_5893|Steel Continuous Hinges | Equal Leaves - Steel Pins | S077032 | .075 | 2 | 1/4 | 2
IMG_5893|Steel Continuous Hinges | Equal Leaves - Steel Pins | S077040 | .075 | 2 1/2 | 1/4 | 2
IMG_5893|Steel Continuous Hinges | Equal Leaves - Steel Pins | S077048 | .075 | 3 | 1/4 | 2
IMG_5893|Steel Continuous Hinges | Equal Leaves - Steel Pins | S077056 | .075 | 3 1/2 | 1/4 | 2
IMG_5893|Steel Continuous Hinges | Equal Leaves - Steel Pins | S077064 | .075 | 4 | 1/4 | 2
IMG_5893|Steel Continuous Hinges | Equal Leaves - Steel Pins | S077072 | .075 | 4 1/2 | 1/4 | 2
IMG_5893|Steel Continuous Hinges | Equal Leaves - Steel Pins | S077080 | .075 | 5 | 1/4 | 2
IMG_5893|Steel Continuous Hinges | Equal Leaves - Steel Pins | S077096 | .075 | 6 | 1/4 | 2
IMG_5893|Steel Continuous Hinges | Equal Leaves - Steel Pins | S093032 | .090 | 2 | 1/4 | 1
IMG_5893|Steel Continuous Hinges | Equal Leaves - Steel Pins | S093040 | .090 | 2 1/2 | 1/4 | 1
IMG_5893|Steel Continuous Hinges | Equal Leaves - Steel Pins | S093048 | .090 | 3 | 1/4 | 1
IMG_5893|Steel Continuous Hinges | Equal Leaves - Steel Pins | S093064 | .090 | 4 | 1/4 | 1
IMG_5893|Steel Continuous Hinges | Equal Leaves - Steel Pins | S093080 | .090 | 5 | 1/4 | 1
IMG_5893|Steel Continuous Hinges | Equal Leaves - Steel Pins | S120032 | .120 | 2 | 3/8 | 2
IMG_5893|Steel Continuous Hinges | Equal Leaves - Steel Pins | S120040 | .120 | 2 1/2 | 3/8 | 2
IMG_5893|Steel Continuous Hinges | Equal Leaves - Steel Pins | S120048 | .120 | 3 | 3/8 | 2
IMG_5893|Steel Continuous Hinges | Equal Leaves - Steel Pins | S120056 | .120 | 3 1/2 | 3/8 | 2
IMG_5893|Steel Continuous Hinges | Equal Leaves - Steel Pins | S120064 | .120 | 4 | 3/8 | 2
IMG_5893|Steel Continuous Hinges | Equal Leaves - Steel Pins | S120080 | .120 | 5 | 3/8 | 2
IMG_5893|Steel Continuous Hinges | Equal Leaves - Steel Pins | S120096 | .120 | 6 | 3/8 | 2
IMG_5893|Steel Continuous Hinges | Equal Leaves - Steel Pins | S120112 | .120 | 7 | 3/8 | 2
IMG_5893|Steel Continuous Hinges | Equal Leaves - Steel Pins | S120128 | .120 | 8 | 3/8 | 2
IMG_5893|Steel Continuous Hinges | Equal Leaves - Steel Pins | S180048 | .180 | 3 | 1/2 | 2
IMG_5893|Steel Continuous Hinges | Equal Leaves - Steel Pins | S180064 | .180 |
IMG_5894|Category | Part Number | Description
IMG_5894|Indicators | 01-094-500 | 
IMG_5894|Indicators | 01-094-501-7 | Angle Indicator - Mountable Base 1 3/4 Dia. Dial McMaster # 2155A11
IMG_5895|Category | Part Number | Description | Specifications
IMG_5895|Universal Joint | 1-095-000 | - | -
IMG_5895|Universal Joint | 1-095-001 | Universal Joint UJNS Series |" 3/4"" Bore - 5"" Overall LG, Boston Cat No. UJNS 12-12"
IMG_5895|Universal Joint | 01-095-002-7 | Spicer #10242-75F |" 1"" Bore - 1/4"" Keyway"
IMG_5895|Universal Joint | 01-095-003-7 | McMaster No. 6445K4 | 1/2 Bore - 7/8 Bore Dept. - 13/16 Joint OD, 27/8 Overall Length
IMG_5895|Universal Joint | 01-095-004-7 | Curtis # CJ648B |" 5/8"" Bore (H Wrapper - Corner Lap)"
IMG_5895|Universal Joint | 01-095-005-7 | Boston # J62B = McMaster #6493K46 |" 5/16 Bore, 5/8 O.D., 21/4""LG - Steel"
IMG_5895|Universal Joint | 01-095-006-7 | Universal Joint - Boston # J125B (Alloy Steel) | 5/8 Bore, 11/4 Hub Dia., 33/4 Overall Length
IMG_5895|Universal Joint | 01-095-007-7 |" Boot Kit for J125B ""U"" Joint "| Boston Cat.# UB125
IMG_5896|Category | Part Number | Description | Material/Specification | Dimensions/Size | Additional Info
IMG_5896|KNOBS | 1-096-000 | | | |
IMG_5896|| 1-096-001-1 | KNOB- STAINLESS STEEL | PER DWG SPEC'S | |
IMG_5896|| 1-096-002-7 | KNOB | |" 2"" DIA., 1¼ LG, ½ REAMED HOLE "| McMASTER # 6121K58
IMG_5896|| 1-096-003-7 | KNOB - OVAL | BLACK PLASTIC |" 1⅜ DIA. x 1⅛"" LG WITH 5/16-18 THREAD "| McMASTER # 6050K14
IMG_5896|| 1-096-004-7 | KNOB - BALL | BLACK PLASTIC |" 1"" DIA. - 5/16-18 THD. "| McMASTER # 6046K14
IMG_5896|| 1-096-005-1 | KNOB- ALUMINUM | PER DWG. | |
IMG_5896|| 1-096-006-7 | KNOB- FOR POTENTIOMETER | | | H.H.SMITH # 2220 (PESCO)
IMG_5896|| 1-096-007-7 | KNOB- FIVE LOBE PLASTIC | | 3/8 REAMED HOLE (BRASS INSERT) | KIPP/ELESA PART NO. 29623, REID KHY-40
IMG_5896|| 01-096-008-7 | KNOB- FOUR LOBE PLASTIC | |" ½""-13 THROUGH HOLE BRASS INSERT "| REID CAT. NO. DK89
IMG_5896|| 01-096-009-7 | KNOB- FIVE LOBE PLASTIC | | 3/8 REAMED HOLE | REID- KHY-65, KIPP/ELESA PART NO. 29632
IMG_5896|| 01-096-010-7 | KNOB- 6 LOBE PLASTIC | |" ½"" REAMED HOLE "| REID KHY-70, ELESA PART # 29723
IMG_5896|| 01-096-011-7 | KNOB - KNURLED PLASTIC | | 1/4-20 THREADED INSERT | REID CAT NO. DK-32
IMG_5898|Category | Part Number | Description | Material/Specification | Dimensions/Size
IMG_5898|KNOBS | 01-096-022-7 | KNOB - REID #DKS-35 | ST.ST. STUD |" 1/4-20 x 1/2"" LG"
IMG_5898|KNOBS | 01-096-023-7 | KNOB - BALL | BLACK PLASTIC | 1 3/8 DIA, 5/16-18 TAP
IMG_5898|KNOBS | 01-096-024-7 | KNOB - INSTRUMENT INDICATOR | | 3/4 ∅ x 1/2 H x 1/4 HOLE
IMG_5898|KNOBS | 01-096-025-7 | KNOB - PLASTIC | |" 1 1/4 DIA x 3/4"" HIGH, 1/4-20 x 3/4 STUD"
IMG_5898|KNOBS | 01-096-026-7 | KNOB - BALL | BLACK PLASTIC | 1 3/8 DIA, 3/8-16 TAP
IMG_5898|KNOBS | 01-096-027-7 | KNOB - REID #DKS-71 | ST.ST. STUD | 1/4-20 x 1/2 LG
IMG_5898|KNOBS | 01-096-028-7 |" KNOB - 1"" MOLDED HEX "| |" FITS 1/4"" ∅ SHAFT"
IMG_5898|KNOBS | 01-096-029-7 | KNOB - 4 PRONG PLASTIC | BRASS INSERT | 1/4-20 WITH THRU HOLE
IMG_5898|KNOBS | 01-096-030-7 | FLUTED PLASTIC KNOB | | 3/8-16 INSERT
IMG_5898|KNOBS | 01-096-031-7 | INSTRUMENT KNOB | |
IMG_5898|KNOBS | 01-096-032-7 | KNOB - 5 LOBE PLASTIC | TAPPED BRASS INSERT | M8 x 1.25
IMG_5898|KNOBS | 01-096-033-7 | KNOB | BLACK PHENOLIC - BRASS INSERT | #10-32 THRD
IMG_5898|KNOBS | 01-096-034-7 | KNOB | BLACK PHENOLIC - BRASS INSERT | 1/4-20
IMG_5899|Part Number | Description | Material/Specification | Dimensions | Additional Info
IMG_5899|---|---|---|---|---
IMG_5899|01-096-035-7 | KNURLED KNOB | STAINLESS STEEL | 3/4 OD x 5/8 LG WITH #10-32 TAP x .38 DP | REID # SKKT-0A
IMG_5899|01-096-036-7 | KNOB (KNURLED HEAD NUT) | STAIN. ST'L | 1/4-20 THREAD | REID # SKN-75
IMG_5899|01-096-037-7 | KNOB - FLUTED | PLASTIC | 1 3/4 O.D. x 1 1/16 LG w/ 5/16-18 x 3/4 STL STUD | REID DK-26
IMG_5899|01-096-038-7 | KNOB - 5 LOBE SOLID BLK | PHENOLIC-ST.ST. STUD | 1.97 O.D. - 3/8-16 x 1.50 LG STUD | REID CAT # KHY-440
IMG_5899|01-096-039-7 | KNOB - 5 LOBE SOLID BLK | PHENOLIC-ST.ST. STUD |" 1.57 O.D. - 5/16-18 x 1"" LG STUD "| REID CAT # KHY-420 MCM #5998K95
IMG_5899|01-096-040-7 | REID - 4 LOBE SOLID BLK | PHENOLIC-ST.ST.STUD |" 2 1/4 O.D - 3/8-16 x 2"" LG ST.ST. STUD "| REID CAT # DKS-98
IMG_5899|01-096-041-7 | KNOB - 4 LOBE ALUM | - |" 5/16-18 x 1.75"" STUD "| MCMASTER # 6085K130
IMG_5899|-042-7 | KNOB - 4 ARM GRIP | BLACK NYLON |" 5/16-18 x 1"" STUD - ST. ST. "| MCMASTER # 5993K95
IMG_5900|Category | Part Number | Description | Specification | McMaster Number
IMG_5900|---------|-------------|-------------|---------------|------------------
IMG_5900|Locks | 01-097-001-7 | Laminated Steel Padlock + Standard 4 Pin |" Shackle Dia: 9/32"", Width: 1 1/4"", Height: 1 9/16"" "| 1176913
IMG_5900|Locks | 01-097-002-7 | Cam Lock | 3/4 Dia. Mtg Hole - 3/4 Max Gap Thick. | 1770A522
IMG_5900|Locks | 01-097-003-7 | Cam Lock | 3/4 Dia. Mtg Hole - 1/4 Max Gap Thick, 5/8 Max Drawer Thick. | 1770A557
IMG_5900|Locks | 01-097-004-7 | Hasp - Padlockable + Strike Plate | S.S. | 1304A32
IMG_5901|Category | Part Number | Description | Specifications
IMG_5901|---------|-------------|-------------|---------------
IMG_5901|MAGNET | 1-098-001 | POT TYPE ALNICO MAGNET | APPROX 6 LB. PULL, 1/4-20 THREADED HOLE, 1/8 E.P. 1 1/8 DIA. x 5/8 HT. GENERAL CATL. # 374A MC MASTER CATL. # 5854K1
IMG_5901|MAGNET | 1-098-002 | CUSHION ACTION MAGNETIC CATCH | MC MASTER #1672 A15
IMG_5901|MAGNET | 1-098-003 | MAGNETIC CATCH - HEAVY DUTY | MC MASTER # 1672A12
IMG_5901|MAGNET | 1-098-004 | MAGNETIC - ATC # 70611Z501 | (REPLACED W. # 1-305-002)
IMG_5902|Category | Part Number | Description
IMG_5902|---------|-------------|------------
IMG_5902|MUFFLER | 01-100-000 | 
IMG_5902|MUFFLER | 01-100-001-7 | COMBINATION MUFFLER/FILTER MCMASTER # 4450K20
IMG_5902|MUFFLER | 01-100-002-7 | SPEED CONTROL MUFFLER 1/4NPT MCMASTER # 9834K12
IMG_5902|MUFFLER | 01-100-003-7 | PIAB MUFFLER FOR PUMP MODEL M125 POREX STANDARD FLOW (STD) - 1/2NPT
IMG_5902|MUFFLER | 01-100-004-7 | PIAB MUFFLER FOR PUMP MODEL L125 POREX STANDARD FLOW (STD) - 3/4NPT
IMG_5902|MUFFLER | 01-100-005-7 |" COMBINATION MUFFLER/FILTER - MCMASTER 4450K1 1/8 PIPE SIZE - 1/8""-1/4""-3/8"" SIZE"
IMG_5902|MUFFLER | 01-100-006-7 | MUFFLER - 1/8 NPT PARKER # N-125
IMG_5902|MUFFLER | 01-100-007-7 | MUFFLER - 1/4 NPT MCMASTER-CARR 4450K2
IMG_5903|Category | Subcategory | Part Number | Description | Material | Size | Quantity
IMG_5903|Hose Nipples | Stems | 1-101-000 | Brass Hose Nipples | Brass | Various | Various
IMG_5903|Male | - | 1-101-001 to 1-101-016 | Male Hose Nipples | - | Various | Various
IMG_5903|Female | - | 01-101-017-7 to 01-101-023-7 | Female Hose Nipples | - | Various | Various
IMG_5904|Category | Part Number | Description | Material | Dimensions | Specification
IMG_5904|Hose Nipples (Stems) | 01-101-000 | | | |
IMG_5904|| 01-101-050-7 |" 3/4 HOSE ID x 1/2"" MALE NPT "| NYLON | | MCMASTER # 5372K132
IMG_5904|| 01-101-051-7 |" 5/8 HOSE ID x 1/2"" MALE NPT "| NYLON | | MCMASTER # 5372K128
IMG_5904|| 01-101-052-7 |" 1"" HOSE ID x 3/4"" MALE NPT "| NYLON | | MCMASTER # 5372K134
IMG_5904|| 01-101-053-7 |" 90° ELBOW 3/4 HOSE ID TO 3/4"" MALE NPT "| NYLON | | MCMASTER # 5372K333
IMG_5904|| 01-101-054-7 |" 90° ELBOW 5/8 HOSE ID TO 1/2"" MALE NPT "| NYLON | | MCM. # 5372K828
IMG_5904|| 01-101-055-7 | 1/2 HOSE I.D. x 3/4 MALE NPT | NYLON | | MCMASTER # 5372K126
IMG_5904|| 01-101-056-7 | 90° ELBOW 1/2 HOSE I.D. x 3/4 MALE NPT | NYLON | | MCMASTER # 5372K326
IMG_5904|| 01-101-057-7 |" 1/2"" HOSE I.D. x 1/2 MALE NPT "| NYLON | | MCMASTER # 5372K125
IMG_5904|| 01-101-058-7 |" PARKER MALE CONNECTOR #27-2 1/4""OD. x 1/8 I.D. TUBE (VINYL) "| | | #10-32 STRAIGHT THREAD
IMG_5904|| 01-101-059-7 | PARKER HOSE BARB FITTING #125HB-2-2 1/8 HOSE I.D. - 1/8 MALE PIPE THR'D | | |
IMG_5904|| 01-101-060-7 | 90° ELBOW 3/4 HOSE ID x 1/2 MALE NPT | NYLON | | MCMASTER # 5372K329
IMG_5904|| 01-101-061-7 |" 5/8 HOSE ID x 3/4"" MALE NPT "| NYLON | | MCMASTER # 5372K332 90° ELBOW
IMG_5905|Category | Part Number | Description | Material/Specification | Dimensions/Size
IMG_5905|Hose Nipples | 01-101-062-7 | Straight | Nylon |" 1/16"" NPT x 1/12"" ID Tube"
IMG_5905| | 01-101-063-7 | 90° | Brass |" 1/8 NPT x 1/4"" ID Tube"
IMG_5905| | 01-101-064-7 | 90° Elbow | Brass | 3/8 I.D. Hose x 1/4 MPT
IMG_5905| | 01-101-065-7 | Straight |  | 3/4 NPT x 5/8 I.D. Hose
IMG_5905| | 01-101-066-7 | Brass Barbed Elbow-90° |  |" For 1/4"" I.D. Hose x 1/8 NPT Male Pipe"
IMG_5905| | 01-101-067-7 | Straight | Brass | 1/2 NPT x 1/4 ID Tube
IMG_5906|Category | Subcategory | Part Number | Description | Material | Dimensions | Quantity
IMG_5906|Standard | | 3-089-00 | 6/8 N.P.T. Black Iron Nipples | | 1-102-000 to 1-102-049 | 
IMG_5906|| | Part No. | Lengths (in.) | | | 
IMG_5906|| | 001 | 3/4 | | | 
IMG_5906|| | 002 | 1 1/2 | | | 
IMG_5906|| | 003 | 2 | | | 
IMG_5906|| | 004 | 2 1/2 | | | 
IMG_5906|| | 005 | 3 | | | 
IMG_5906|| | 006 | 3 1/2 | | | 
IMG_5906|| | 007 | 4 | | | 
IMG_5906|| | 008 | 4 1/2 | | | 
IMG_5906|| | 009 | 5 | | | 
IMG_5906|| | 010 | 5 1/2 | | | 
IMG_5906|| | 011 | 6 | | | 
IMG_5906|| | 012 | 7 | | | 
IMG_5906|| | 013 | 8 | | | 
IMG_5906|| | 014 | 9 | | | 
IMG_5906|| | 015 | 10 | | | 
IMG_5906|| | 016 | 11 | | | 
IMG_5906|| | 017 | 12 | | | 
IMG_5906|| | 018 | 13 | | | 
IMG_5906|| | 019 | 14 | | | 
IMG_5906|| | 020 | 15 | | | 
IMG_5906|| | 021 | 16 | | | 
IMG_5906|| | 022 | 17 | | | 
IMG_5906|| | 023 | 18 | | | 
IMG_5906|| | 024 | 19 | | | 
IMG_5906|| | 025 | 20 | | | 
IMG_5906|| | 026 | 21 | | | 
IMG_5906|| | 027 | 22 | | | 
IMG_5906|| | 028 | 23 | | | 
IMG_5906|| | 029 | 24 | | | 
IMG_5906|| | 030 | 25 | | | 
IMG_5906|| | 031 | 26 | | | 
IMG_5906|| | 032 | 27 | | | 
IMG_5906|| | 033 | 28 | | | 
IMG_5906|| | 034 | 29 | | | 
IMG_5906|| | 035 | 30 | | | 
IMG_5906|| | 036 | 31 | | | 
IMG_5906|| | 037 | 32 | | | 
IMG_5906|| | 038 | 33 | | | 
IMG_5906|| | 039 | 34 | | | 
IMG_5906|| | 040 | 35 | | | 
IMG_5906|| | 041 | 36 | | | 
IMG_5906|| | 042 | 37 | | | 
IMG_5906|| | 043 | 38 | | | 
IMG_5906|| | 044 | 39 | | | 
IMG_5906|| | 045 | 40 | | | 
IMG_5906|| | 046 | 41 | | | 
IMG_5906|| | 047 | 42 | | | 
IMG_5906|| | 048 | 43 | | | 
IMG_5906|| | 049 | 44 | | | 
IMG_5906|| | | | Iron Pipe Nipples | Purch. | Pipe O.D. 1 3/32 |
IMG_5907|Category | Subcategory | Part Number | Description | Length (in) | Pipe O.D.
IMG_5907|Standard | N.P.T. Brass Nipples | 051 | Close | 3/4 | 13/32
IMG_5907|Standard | N.P.T. Brass Nipples | 052 | - | 1 1/4 | 13/32
IMG_5907|Standard | N.P.T. Brass Nipples | 053 | - | 2 | 13/32
IMG_5907|Standard | N.P.T. Brass Nipples | 054 | - | 2 1/2 | 13/32
IMG_5907|Standard | N.P.T. Brass Nipples | 055 | - | 3 | 13/32
IMG_5907|Standard | N.P.T. Brass Nipples | 056 | - | 3 1/2 | 13/32
IMG_5907|Standard | N.P.T. Brass Nipples | 057 | - | 4 | 13/32
IMG_5907|Standard | N.P.T. Brass Nipples | 058 | - | 4 1/2 | 13/32
IMG_5907|Standard | N.P.T. Brass Nipples | 059 | - | 5 | 13/32
IMG_5907|Standard | N.P.T. Brass Nipples | 060 | - | 5 1/2 | 13/32
IMG_5907|Standard | N.P.T. Brass Nipples | 061 | - | 6 | 13/32
IMG_5907|Standard | N.P.T. Brass Nipples | 062 | - | 7 | 13/32
IMG_5907|Standard | N.P.T. Brass Nipples | 063 | - | 8 | 13/32
IMG_5907|Standard | N.P.T. Brass Nipples | 064 | - | 9 | 13/32
IMG_5907|Standard | N.P.T. Brass Nipples | 065 | - | 10 | 13/32
IMG_5907|Standard | N.P.T. Brass Nipples | 066 | - | 11 | 13/32
IMG_5907|Standard | N.P.T. Brass Nipples | 067 | - | 12 | 13/32
IMG_5907|Standard | N.P.T. Brass Nipples | 068 | - | 13 | 13/32
IMG_5907|Standard | N.P.T. Brass Nipples | 069 | - | 14 | 13/32
IMG_5907|Standard | N.P.T. Brass Nipples | 070 | - | 15 | 13/32
IMG_5907|Standard | N.P.T. Brass Nipples | 071 | - | 16 | 13/32
IMG_5907|Standard | N.P.T. Brass Nipples | 072 | - | 17 | 13/32
IMG_5907|Standard | N.P.T. Brass Nipples | 073 | - | 18 | 13/32
IMG_5907|Standard | N.P.T. Brass Nipples | 074 | - | 19 | 13/32
IMG_5907|Standard | N.P.T. Brass Nipples | 075 | - | 20 | 13/32
IMG_5907|Standard | N.P.T. Brass Nipples | 076 | - | 21 | 13/32
IMG_5907|Standard | N.P.T. Brass Nipples | 078 | - | 22 | 13/32
IMG_5907|Standard | N.P.T. Brass Nipples | 079 | - | 23 | 13/32
IMG_5907|Standard | N.P.T. Brass Nipples | 080 | - | 24 | 13/32
IMG_5907|Standard | N.P.T. Brass Nipples | 081 | - | 25 | 13/32
IMG_5907|Standard | N.P.T. Brass Nipples | 082 | - | 26 | 13/32
IMG_5907|Standard | N.P.T. Brass Nipples | 083 | - | 27 | 13/32
IMG_5907|Standard | N.P.T. Brass Nipples | 084 | - | 28 | 13/32
IMG_5907|Standard | N.P.T. Brass Nipples | 085 | - | 29 | 13/32
IMG_5907|Standard | N.P.T. Brass Nipples | 086 | - | 30 | 13/32
IMG_5907|Standard | N.P.T. Brass Nipples | 087 | - | 31 | 13/32
IMG_5907|Standard | N.P.T. Brass Nipples | 088 | - | 32 | 13/32
IMG_5907|Standard | N.P.T. Brass Nipples | 089 | - | 33 | 13/32
IMG_5907|Standard | N.P.T. Brass Nipples | 090 | - | 34 | 13/32
IMG_5907|Standard | N.P.T. Brass Nipples | 091 | - | 35 | 13/32
IMG_5907|Standard | N.P.T. Brass Nipples | 092 | - | 36 | 13/32
IMG_5907|Standard | N.P.T. Brass Nipples | 093 | - | 37 | 13/32
IMG_5907|Standard | N.P.T. Brass Nipples | 094 | - | 38 | 13/32
IMG_5907|Standard | N.P.T. Brass Nipples | 095 | - | 39 | 13/32
IMG_5907|Standard | N.P.T. Brass Nipples | 096 | - | 40 | 13/32
IMG_5907|Standard | N.P.T. Brass Nipples | 097 | - | 41 | 13/32
IMG_5907|Standard | N.P.T. Brass Nipples | 098 | - | 42 | 13/32
IMG_5907|Standard | N.P.T. Brass Nipples | 099 | - | 43 | 13/32
IMG_5908|Category | Subcategory | Part Number | Description | Material | Dimensions | Quantity
IMG_5908|Standard | N.P.T. | 101-149 | Black Iron Nipples | Black Iron |" 7/8"" to 44"" "| Not specified
IMG_5908|Brass | Not specified | Not specified | Pipe Nipples | Brass | Not specified | Not specified
IMG_5908
IMG_5908|Additional Information:
IMG_5908|Pipe O.D. | .540
IMG_5908|Date | 9-24-73
IMG_5908|Drawing Number | 3-089-1 (TO 3-089-149)
IMG_5908|Company | FMC CORPORATION PACKAGING MACHINERY DIVISION
IMG_5909|Category | Subcategory | Part Number | Description | Material | Dimensions | Quantity
IMG_5909|Standard | 1/4 N.P.T. | 151-199 | Brass Nipples | Brass |" Lengths 3/4"" to 44"" "| Not specified
IMG_5909|Standard | 3/8 N.P.T. | 3-089-28 | Black Iron Nipples | Black Iron | Not specified | Not specified
IMG_5910|Category | Subcategory | Part Number | Description | Material | Dimensions | Quantity
IMG_5910|--- | --- | --- | --- | --- | --- | ---
IMG_5910|Standard | N.P.T. Black Iron Nipples | 3-089-2 | Brass Pipe Nipples | Brass | 1-102-200 to 1-102-299 | Not specified
IMG_5910|--- | --- | 201-220 | Lengths 1 to 15 inches | --- |" 1"" to 15"" "| Not specified
IMG_5910|--- | --- | 221-240 | Lengths 16 to 35 inches | --- |" 16"" to 35"" "| Not specified
IMG_5910|--- | --- | 241-260 | Lengths 36 to 55 inches | --- |" 36"" to 55"" "| Not specified
IMG_5910|--- | --- | 261-280 | Lengths 56 to 75 inches | --- |" 56"" to 75"" "| Not specified
IMG_5910|--- | --- | 281-299 | Lengths 76 to 94 inches | --- |" 76"" to 94"" "| Not specified
IMG_5910|--- | --- | --- | --- | --- | Pipe O.D.: .675 | Not specified
IMG_5911|Category | Subcategory | Part Number | Description | Length (in) | Material
IMG_5911|NPT Brass Nipples | - | 301-320 | - | 1 - 15 | -
IMG_5911|- | - | 321-340 | - | 16 - 35 | -
IMG_5911|- | - | 341-360 | - | 36 - 55 | -
IMG_5911|- | - | 361-380 | - | 56 - 75 | -
IMG_5911|- | - | 381-399 | - | 76 - 94 | -
IMG_5911|- | - | - | 3/8 Brass Pipe Nipples | - | Purch.
IMG_5911
IMG_5911|Additional Information:
IMG_5911|Pipe O.D.: .675
IMG_5911|FMC Corporation Packaging Machinery Division
IMG_5911|Date: 3-24-72
IMG_5911|Drawing No.: STD.
IMG_5911|Scale: None
IMG_5911|Tolerances: Unless otherwise specified, finished surface tolerances fractional ± 1/64, decimal ± .005, angular ± 3°
IMG_5912|Category | Part Number | Description | Lengths (in.) | Part No.
IMG_5912|Standard | 3-089-4 | 1/2 N.P.T. BLACK IRON NIPPLES | 1 1/8 | 401
IMG_5912|Standard | 3-089-4 | 1/2 N.P.T. BLACK IRON NIPPLES | 1 1/2 | 402
IMG_5912|Standard | 3-089-4 | 1/2 N.P.T. BLACK IRON NIPPLES | 2 | 403
IMG_5912|Standard | 3-089-4 | 1/2 N.P.T. BLACK IRON NIPPLES | 2 1/2 | 404
IMG_5912|Standard | 3-089-4 | 1/2 N.P.T. BLACK IRON NIPPLES | 3 | 405
IMG_5912|Standard | 3-089-4 | 1/2 N.P.T. BLACK IRON NIPPLES | 3 1/2 | 406
IMG_5912|Standard | 3-089-4 | 1/2 N.P.T. BLACK IRON NIPPLES | 4 | 407
IMG_5912|Standard | 3-089-4 | 1/2 N.P.T. BLACK IRON NIPPLES | 4 1/2 | 408
IMG_5912|Standard | 3-089-4 | 1/2 N.P.T. BLACK IRON NIPPLES | 5 | 409
IMG_5912|Standard | 3-089-4 | 1/2 N.P.T. BLACK IRON NIPPLES | 5 1/2 | 410
IMG_5912|Standard | 3-089-4 | 1/2 N.P.T. BLACK IRON NIPPLES | 6 | 411
IMG_5912|Standard | 3-089-4 | 1/2 N.P.T. BLACK IRON NIPPLES | 7 | 412
IMG_5912|Standard | 3-089-4 | 1/2 N.P.T. BLACK IRON NIPPLES | 8 | 413
IMG_5912|Standard | 3-089-4 | 1/2 N.P.T. BLACK IRON NIPPLES | 9 | 414
IMG_5912|Standard | 3-089-4 | 1/2 N.P.T. BLACK IRON NIPPLES | 10 | 415
IMG_5912|Standard | 3-089-4 | 1/2 N.P.T. BLACK IRON NIPPLES | 11 | 416
IMG_5912|Standard | 3-089-4 | 1/2 N.P.T. BLACK IRON NIPPLES | 12 | 417
IMG_5912|Standard | 3-089-4 | 1/2 N.P.T. BLACK IRON NIPPLES | 13 | 418
IMG_5912|Standard | 3-089-4 | 1/2 N.P.T. BLACK IRON NIPPLES | 14 | 419
IMG_5912|Standard | 3-089-4 | 1/2 N.P.T. BLACK IRON NIPPLES | 15 | 420
IMG_5912|Standard | 3-089-4 | 1/2 N.P.T. BLACK IRON NIPPLES | 16 | 421
IMG_5912|Standard | 3-089-4 | 1/2 N.P.T. BLACK IRON NIPPLES | 17 | 422
IMG_5912|Standard | 3-089-4 | 1/2 N.P.T. BLACK IRON NIPPLES | 18 | 423
IMG_5912|Standard | 3-089-4 | 1/2 N.P.T. BLACK IRON NIPPLES | 19 | 424
IMG_5912|Standard | 3-089-4 | 1/2 N.P.T. BLACK IRON NIPPLES | 20 | 425
IMG_5912|Standard | 3-089-4 | 1/2 N.P.T. BLACK IRON NIPPLES | 21 | 426
IMG_5912|Standard | 3-089-4 | 1/2 N.P.T. BLACK IRON NIPPLES | 22 | 427
IMG_5912|Standard | 3-089-4 | 1/2 N.P.T. BLACK IRON NIPPLES | 23 | 428
IMG_5912|Standard | 3-089-4 | 1/2 N.P.T. BLACK IRON NIPPLES | 24 | 429
IMG_5912|Standard | 3-089-4 | 1/2 N.P.T. BLACK IRON NIPPLES | 25 | 430
IMG_5912|Standard | 3-089-4 | 1/2 N.P.T. BLACK IRON NIPPLES | 26 | 431
IMG_5912|Standard | 3-089-4 | 1/2 N.P.T. BLACK IRON NIPPLES | 27 | 432
IMG_5912|Standard | 3-089-4 | 1/2 N.P.T. BLACK IRON NIPPLES | 28 | 433
IMG_5912|Standard | 3-089-4 | 1/2 N.P.T. BLACK IRON NIPPLES | 29 | 434
IMG_5912|Standard | 3-089-4 | 1/2 N.P.T. BLACK IRON NIPPLES | 30 | 435
IMG_5912|Standard | 3-089-4 | 1/2 N.P.T. BLACK IRON NIPPLES | 31 | 436
IMG_5912|Standard | 3-089-4 | 1/2 N.P.T. BLACK IRON NIPPLES | 32 | 437
IMG_5912|Standard | 3-089-4 | 1/2 N.P.T. BLACK IRON NIPPLES | 33 | 438
IMG_5912|Standard | 3-089-4 | 1/2 N.P.T. BLACK IRON NIPPLES | 34 | 439
IMG_5912|Standard | 3-089-4 | 1/2 N.P.T. BLACK IRON NIPPLES | 35 | 440
IMG_5912|Standard | 3-089-4 | 1/2 N.P.T. BLACK IRON NIPPLES | 36 | 441
IMG_5912|Standard | 3-089-4 | 1/2 N.P.T. BLACK IRON NIPPLES | 37 | 442
IMG_5912|Standard | 3-089-4 | 1/2 N.P.T. BLACK IRON NIPPLES | 38 | 443
IMG_5912|Standard | 3-089-4 | 1/2 N.P.T. BLACK IRON NIPPLES | 39 | 444
IMG_5912|Standard | 3-089-4 | 1/2 N.P.T. BLACK IRON NIPPLES | 40 | 445
IMG_5912|Standard | 3-089-4 | 1/2 N.P.T. BLACK IRON NIPPLES | 41 | 446
IMG_5912|Standard | 3-089-4 | 1/2 N.P.T. BLACK IRON NIPPLES | 42 | 447
IMG_5912|Standard | 3-089-4 | 1/2 N.P.T. BLACK IRON NIPPLES | 43 | 448
IMG_5912|Standard | 3-089-4 | 1/2 N.P.T. BLACK IRON NIPPLES | 44 | 449
IMG_5912|Standard | 3-089-4 | 1/2 N.P.T. BLACK IRON NIPPLES | 45 | 450
IMG_5912|Standard | 3-089-4 | 1/2 N.P.T. BLACK IRON NIPPLES | 46 | 451
IMG_5912|Standard | 3-089-4 | 1/2 N.P.T. BLACK IRON NIPPLES | 47 | 452
IMG_5912|Standard | 3-089-4 | 1/2 N.P.T. BLACK IRON NIPPLES | 48 | 453
IMG_5912|Standard | 3-089-4 | 1/2 N.P.T. BLACK IRON NIPPLES | 49 | 454
IMG_5912|Standard | 3-089-4 | 1/2 N.P.T. BLACK IRON NIPPLES | 50 | 455
IMG_5912|Standard | 3-089-4 | 1/2 N.P.T. BLACK IRON NIPPLES | 51 | 456
IMG_5912|Standard | 3-089-4 | 1/2 N.P.T. BLACK IRON NIPPLES | 52 | 457
IMG_5912|Standard | 3-089-4 | 1/2 N.P.T. BLACK IRON NIPPLES | 53 | 458
IMG_5912|Standard | 3-089-4 | 1/2 N.P.T. BLACK IRON NIPPLES | 54 | 459
IMG_5912|Standard | 3-089-4 | 1/2 N.P.T. BLACK IRON NIPPLES | 55 | 460
IMG_5912|Standard | 3-089-4 | 1/2 N.P.T. BLACK IRON NIPPLES | 56 | 461
IMG_5912|Standard | 3-089-4 | 1/2 N.P.T. BLACK IRON NIPPLES | 57 | 462
IMG_5912|Standard | 3-089-4 | 1/2 N.P.T. BLACK IRON NIPPLES | 58 | 463
IMG_5912|Standard | 3-089-4 | 1/2 N.P.T. BLACK IRON NIPPLES | 59 | 464
IMG_5912|Standard | 3-089-4 | 1/2 N.P.T. BLACK IRON NIPPLES | 60 | 465
IMG_5912|Standard | 3-089-4 | 1/2 N.P.T. BLACK IRON NIPPLES | 61 | 466
IMG_5912|Standard | 3-089-4 | 1/2 N.P.T. BLACK IRON NIPPLES | 62 | 467
IMG_5912|Standard | 3-089-4 | 1/2 N.P.T. BLACK IRON NIPPLES | 63 | 468
IMG_5912|Standard | 3-089-4 | 1/2 N.P.T. BLACK IRON NIPPLES | 64 | 469
IMG_5912|Standard | 3-089-4 | 1/2 N.P.T. BLACK IRON NIPPLES | 65 | 470
IMG_5912|Standard | 3-089-4 | 1/2 N.P.T. BLACK IRON NIPPLES | 66 | 471
IMG_5912|Standard | 3-089-4 | 1/2 N.P.T. BLACK IRON NIPPLES | 67 | 472
IMG_5912|Standard | 3-089-4 | 1/2 N.P.T. BLACK IRON NIPPLES | 68 | 473
IMG_5912|Standard | 3-089-4 | 1/2 N.P.T. BLACK IRON NIPPLES | 69 | 474
IMG_5912|Standard | 3-089-4 | 1/2 N.P.T. BLACK IRON NIPPLES | 70 | 475
IMG_5912|Standard | 3-089-4 | 1/2 N.P.T. BLACK IRON NIPPLES | 71 | 476
IMG_5912|Standard | 3-089-4 | 1/2 N.P.T. BLACK IRON NIPPLES | 72 | 477
IMG_5912|Standard | 3-089-4 | 1/2 N.P.T. BLACK IRON NIPPLES | 73 | 478
IMG_5912|Standard | 3-089-4 | 1/2 N.P.T. BLACK IRON NIPPLES | 74 | 479
IMG_5912|Standard | 3-089-4 | 1/2 N.P.T. BLACK IRON NIPPLES | 75 | 480
IMG_5912|Standard | 3-089-4 | 1/2 N.P.T. BLACK IRON NIPPLES | 76 | 481
IMG_5912|Standard | 3-089-4 | 1/2 N.P.T. BLACK IRON NIPPLES | 77 | 482
IMG_5912|Standard | 3-089-4 | 1/2 N.P.T. BLACK IRON NIPPLES | 78 | 483
IMG_5912|Standard | 3-089-4 | 1/2 N.P.T. BLACK IRON NIPPLES | 79 | 484
IMG_5912|Standard | 3-089-4 | 1/2 N.P.T. BLACK IRON NIPPLES | 80 | 485
IMG_5912|Standard | 3-089-4
IMG_5913|Category | Subcategory | Part Number | Description | Material | Dimensions | Quantity
IMG_5913|--- | --- | --- | --- | --- | --- | ---
IMG_5913|2 N.P.T. BRASS NIPPLES | - | 501-599 | BRASS PIPE NIPPLES | PURCH. |" 1 1/2"" to 94"" "| 99
IMG_5913|STANDARD | 3 N.P.T. BLACK IRON NIPPLES | 3-089-600 to 3-089-699 | - | - |" 1 1/2"" to 15"" "| -
IMG_5914|Category | Subcategory | Part Number | Description | Material | Dimensions | Quantity
IMG_5914|Standard | N.P.T. Black Iron Nipples | 3-089-69 | Black Iron Nipples | Purch. |" 1/4"" "| 99 parts
IMG_5914|Lengths (in.) | | 601-620 | | |" 1/8"" to 15"" "| 
IMG_5914|Lengths | | 621-640 | | |" 16"" to 35"" "| 
IMG_5914|Lengths | | 641-660 | | |" 36"" to 55"" "| 
IMG_5914|Lengths | | 661-680 | | |" 56"" to 75"" "| 
IMG_5914|Lengths | | 681-699 | | |" 76"" to 94"" "|
IMG_5915|Category | Subcategory | Part Number | Description | Length (in) | Material
IMG_5915|Standard |" 1"" N.P.T. Black Iron Nipples "| 701-749 | Brass Pipe Nipples | 1.5 - 45 | Brass
IMG_5915|Standard |" 3/4"" N.P.T. Brass Nipples "| 701-749 | Brass Pipe Nipples | 1.5 - 45 | Brass
IMG_5916|Category | Subcategory | Part Number | Description | Length (in) | Pipe O.D.
IMG_5916|Standard |" 1"" N.P.T. "| 751-799 | Black Iron Nipples | 1.5 - 45 | 1.315
IMG_5917|Category | Subcategory | Part Number | Description | Length (in) | Material
IMG_5917|Standard |" 1"" NPT Brass Nipples "| 801-849 | Brass Pipe Nipples | 1/2 to 45 | PURCH.
IMG_5917
IMG_5917|Length (in) | Part Number
IMG_5917|1/2 | 801
IMG_5917|3/4 | 802
IMG_5917|1 | 803
IMG_5917|1 1/4 | 804
IMG_5917|1 1/2 | 805
IMG_5917|2 | 806
IMG_5917|2 1/2 | 807
IMG_5917|3 | 808
IMG_5917|3 1/2 | 809
IMG_5917|4 | 810
IMG_5917|4 1/2 | 811
IMG_5917|5 | 812
IMG_5917|5 1/2 | 813
IMG_5917|6 | 814
IMG_5917|7 | 815
IMG_5917|8 | 816
IMG_5917|9 | 817
IMG_5917|10 | 818
IMG_5917|11 | 819
IMG_5917|12 | 820
IMG_5917|13 | 821
IMG_5917|14 | 822
IMG_5917|15 | 823
IMG_5917|16 | 824
IMG_5917|17 | 825
IMG_5917|18 | 826
IMG_5917|19 | 827
IMG_5917|20 | 828
IMG_5917|21 | 829
IMG_5917|22 | 830
IMG_5917|23 | 831
IMG_5917|24 | 832
IMG_5917|25 | 833
IMG_5917|26 | 834
IMG_5917|27 | 835
IMG_5917|28 | 836
IMG_5917|29 | 837
IMG_5917|30 | 838
IMG_5917|31 | 839
IMG_5917|32 | 840
IMG_5917|33 | 841
IMG_5917|34 | 842
IMG_5917|35 | 843
IMG_5917|36 | 844
IMG_5917|37 | 845
IMG_5917|38 | 846
IMG_5917|39 | 847
IMG_5917|40 | 848
IMG_5917|41 | 849
IMG_5918|Category | Subcategory | Part Number | Description | Material | Dimensions | Quantity
IMG_5918|Standard | | 851-899 | 1/4 NPT Black Iron Nipples | Black Iron |" Lengths 1.5"" to 45"" "| 
IMG_5918|| | 851 | | |" 1.5"" "| 
IMG_5918|| | 852 | | |" 2"" "| 
IMG_5918|| | 853 | | |" 2.5"" "| 
IMG_5918|| | 854 | | |" 3"" "| 
IMG_5918|| | 855 | | |" 3.5"" "| 
IMG_5918|| | 856 | | |" 4"" "| 
IMG_5918|| | 857 | | |" 4.5"" "| 
IMG_5918|| | 858 | | |" 5"" "| 
IMG_5918|| | 859 | | |" 5.5"" "| 
IMG_5918|| | 860 | | |" 6"" "| 
IMG_5918|| | 861 | | |" 7"" "| 
IMG_5918|| | 862 | | |" 8"" "| 
IMG_5918|| | 863 | | |" 9"" "| 
IMG_5918|| | 864 | | |" 10"" "| 
IMG_5918|| | 865 | | |" 11"" "| 
IMG_5918|| | 866 | | |" 12"" "| 
IMG_5918|| | 867 | | |" 13"" "| 
IMG_5918|| | 868 | | |" 14"" "| 
IMG_5918|| | 869 | | |" 15"" "| 
IMG_5918|| | 870 | | |" 16"" "| 
IMG_5918|| | 871 | | |" 17"" "| 
IMG_5918|| | 872 | | |" 18"" "| 
IMG_5918|| | 873 | | |" 19"" "| 
IMG_5918|| | 874 | | |" 20"" "| 
IMG_5918|| | 875 | | |" 21"" "| 
IMG_5918|| | 876 | | |" 22"" "| 
IMG_5918|| | 877 | | |" 23"" "| 
IMG_5918|| | 878 | | |" 24"" "| 
IMG_5918|| | 879 | | |" 25"" "| 
IMG_5918|| | 880 | | |" 26"" "| 
IMG_5918|| | 881 | | |" 27"" "| 
IMG_5918|| | 882 | | |" 28"" "| 
IMG_5918|| | 883 | | |" 29"" "| 
IMG_5918|| | 884 | | |" 30"" "| 
IMG_5918|| | 885 | | |" 31"" "| 
IMG_5918|| | 886 | | |" 32"" "| 
IMG_5918|| | 887 | | |" 33"" "| 
IMG_5918|| | 888 | | |" 34"" "| 
IMG_5918|| | 889 | | |" 35"" "| 
IMG_5918|| | 890 | | |" 36"" "| 
IMG_5918|| | 891 | | |" 37"" "| 
IMG_5918|| | 892 | | |" 38"" "| 
IMG_5918|| | 893 | | |" 39"" "| 
IMG_5918|| | 894 | | |" 40"" "| 
IMG_5918|| | 895 | | |" 41"" "| 
IMG_5918|| | 896 | | |" 42"" "| 
IMG_5918|| | 897 | | |" 43"" "| 
IMG_5918|| | 898 | | |" 44"" "| 
IMG_5918|| | 899 | | |" 45"" "|
IMG_5919|Category | Subcategory | Part Number | Description | Length (in) | Pipe O.D.
IMG_5919|Standard | 1/4 NPT Brass Nipples | 901-949 | Brass Pipe Nipples | 1 5/8 - 45 | 1.660
IMG_5919
IMG_5919|"Note: The table includes the main categories of information visible in the image. The ""Length"" column spans from 1 5/8 inches to 45 inches, corresponding to part numbers 901 through 949. The pipe outer diameter (O.D.) is listed as 1.660 inches. The description ""Brass Pipe Nipples"" is taken from the bottom portion of the image."
IMG_5920|Category | Subcategory | Part Number | Description | Material | Dimensions | Quantity
IMG_5920|Standard | N.P.T. | 951-974 | Black Iron Pipe Nipples | Black Iron |" 1.5"" to 20"" "| Not specified
IMG_5920|FMC Corporation | Packaging Machinery Division | Not specified | 1/2 Black Iron Pipe Nipple | Not specified | Not specified | Not specified
IMG_5921|Category | Subcategory | Part Number | Description | Size | Pipe O.D.
IMG_5921|Standard | 1½ NPT Brass Nipples | 976-999 | Brass Pipe Nipples |" 1½"" to 20"" "|" 1.900"""
IMG_5922|Category | Part Number | Description | Material | Dimensions | Additional Info
IMG_5922|---|---|---|---|---|---
IMG_5922|Conduit Chase-Nipple | 01-103-000-7 | Void | Zinc Die Cast |" 1/2"" NPT "| Use 01-076-028-7
IMG_5922|| 01-076-028-7 | | | | Arlington Industries Scranton PA
IMG_5922|| | | | | HA-401
IMG_5922|| | | | | Stock# 3LP48
IMG_5922|| | | | A = 11/16 | B = 15/16 across flats
IMG_5922|| | Granger | | |
IMG_5923|Category | Part No. | Lengths (in) | Pipe O.D.
IMG_5923|Standard | 001 | 3/4 | 1
IMG_5923|| 002 | 1 1/2 | 2
IMG_5923|| 003 | 2 | 3
IMG_5923|| 004 | 2 1/2 | 4
IMG_5923|| 005 | 3 | 5
IMG_5923|| 006 | 3 1/2 | 6
IMG_5923|| 007 | 4 |
IMG_5923|| 008 | 4 1/2 |
IMG_5923|| 009 | 5 |
IMG_5923|| 010 | 5 1/2 |
IMG_5923|| 011 | 6 |
IMG_5923|| 012 | 7 |
IMG_5923|| 013 | 8 |
IMG_5923|| 014 | 9 |
IMG_5923|| 015 | 10 |
IMG_5923|| 016 | 11 |
IMG_5923|| 017 | 12 |
IMG_5923|| 018 | 13 |
IMG_5923|| 019 | 14 |
IMG_5923|| 020 | 15 |
IMG_5923|| 021 | 16 |
IMG_5923|| 022 | 17 |
IMG_5923|| 023 | 18 |
IMG_5923|| 024 | 19 |
IMG_5923|| 025 | 20 |
IMG_5923|| 026 | 21 |
IMG_5923|| 027 | 22 |
IMG_5923|| 028 | 23 |
IMG_5923|| 029 | 24 |
IMG_5923|| 030 | 25 |
IMG_5923|| 031 | 26 |
IMG_5923|| 032 | 27 |
IMG_5923|| 033 | 28 |
IMG_5923|| 034 | 29 |
IMG_5923|| 035 | 30 |
IMG_5923|| 036 | 31 |
IMG_5923|| 037 | 32 |
IMG_5923|| 038 | 33 |
IMG_5923|| 039 | 34 |
IMG_5923|| 040 | 35 |
IMG_5923|| 041 | 36 |
IMG_5923|| 042 | 37 |
IMG_5923|| 043 | 38 |
IMG_5923|| 044 | 39 |
IMG_5923|| 045 | 40 |
IMG_5923|| 046 | 41 |
IMG_5923|| 047 | 42 |
IMG_5923|| 048 | 43 |
IMG_5923|| 049 | 44 |
IMG_5924|Category | Subcategory | Part Number | Description | Length (in.) | Pipe O.D.
IMG_5924|Standard | N.P.T. STN. STL NIPPLES | 051 | Close | 3/4 | 
IMG_5924|Standard | N.P.T. STN. STL NIPPLES | 052 | | 1 1/2 | 
IMG_5924|Standard | N.P.T. STN. STL NIPPLES | 053 | | 2 | 
IMG_5924|Standard | N.P.T. STN. STL NIPPLES | 054 | | 2 1/2 | 
IMG_5924|Standard | N.P.T. STN. STL NIPPLES | 055 | | 3 | 
IMG_5924|Standard | N.P.T. STN. STL NIPPLES | 056 | | 3 1/2 | 
IMG_5924|Standard | N.P.T. STN. STL NIPPLES | 057 | | 4 | 
IMG_5924|Standard | N.P.T. STN. STL NIPPLES | 058 | | 4 1/2 | 
IMG_5924|Standard | N.P.T. STN. STL NIPPLES | 059 | | 5 | 
IMG_5924|Standard | N.P.T. STN. STL NIPPLES | 060 | | 5 1/2 | 
IMG_5924|Standard | N.P.T. STN. STL NIPPLES | 061 | | 6 | 
IMG_5924|Standard | N.P.T. STN. STL NIPPLES | 062 | | 7 | 
IMG_5924|Standard | N.P.T. STN. STL NIPPLES | 063 | | 8 | 
IMG_5924|Standard | N.P.T. STN. STL NIPPLES | 064 | | 9 | 
IMG_5924|Standard | N.P.T. STN. STL NIPPLES | 065 | | 10 | 
IMG_5924|Standard | N.P.T. STN. STL NIPPLES | 066 | | 11 | 
IMG_5924|Standard | N.P.T. STN. STL NIPPLES | 067 | | 12 | 
IMG_5924|Standard | N.P.T. STN. STL NIPPLES | 068 | | 13 | 
IMG_5924|Standard | N.P.T. STN. STL NIPPLES | 069 | | 14 | 
IMG_5924|Standard | N.P.T. STN. STL NIPPLES | 070 | | 15 | 
IMG_5924|Standard | N.P.T. STN. STL NIPPLES | 071 | | 16 | 
IMG_5924|Standard | N.P.T. STN. STL NIPPLES | 072 | | 17 | 
IMG_5924|Standard | N.P.T. STN. STL NIPPLES | 073 | | 18 | 
IMG_5924|Standard | N.P.T. STN. STL NIPPLES | 074 | | 19 | 
IMG_5924|Standard | N.P.T. STN. STL NIPPLES | 075 | | 20 | 
IMG_5924|Standard | N.P.T. STN. STL NIPPLES | 076 | | 21 | 
IMG_5924|Standard | N.P.T. STN. STL NIPPLES | 077 | | 22 | 
IMG_5924|Standard | N.P.T. STN. STL NIPPLES | 078 | | 23 | 
IMG_5924|Standard | N.P.T. STN. STL NIPPLES | 079 | | 24 | 
IMG_5924|Standard | N.P.T. STN. STL NIPPLES | 080 | | 25 | 
IMG_5924|Standard | N.P.T. STN. STL NIPPLES | 081 | | 26 | 
IMG_5924|Standard | N.P.T. STN. STL NIPPLES | 082 | | 27 | 
IMG_5924|Standard | N.P.T. STN. STL NIPPLES | 083 | | 28 | 
IMG_5924|Standard | N.P.T. STN. STL NIPPLES | 084 | | 29 | 
IMG_5924|Standard | N.P.T. STN. STL NIPPLES | 085 | | 30 | 
IMG_5924|Standard | N.P.T. STN. STL NIPPLES | 086 | | 31 | 
IMG_5924|Standard | N.P.T. STN. STL NIPPLES | 087 | | 32 | 
IMG_5924|Standard | N.P.T. STN. STL NIPPLES | 088 | | 33 | 
IMG_5924|Standard | N.P.T. STN. STL NIPPLES | 089 | | 34 | 
IMG_5924|Standard | N.P.T. STN. STL NIPPLES | 090 | | 35 | 
IMG_5924|Standard | N.P.T. STN. STL NIPPLES | 091 | | 36 | 
IMG_5924|Standard | N.P.T. STN. STL NIPPLES | 092 | | 37 | 
IMG_5924|Standard | N.P.T. STN. STL NIPPLES | 093 | | 38 | 
IMG_5924|Standard | N.P.T. STN. STL NIPPLES | 094 | | 39 | 
IMG_5924|Standard | N.P.T. STN. STL NIPPLES | 095 | | 40 | 
IMG_5924|Standard | N.P.T. STN. STL NIPPLES | 096 | | 41 | 
IMG_5924|Standard | N.P.T. STN. STL NIPPLES | 097 | | 42 | 
IMG_5924|Standard | N.P.T. STN. STL NIPPLES | 098 | | 43 | 
IMG_5924|Standard | N.P.T. STN. STL NIPPLES | 099 | | |
IMG_5925|Category | Subcategory | Part Number | Description | Length (in) | Pipe O.D.
IMG_5925|Standard | N.P.T. STN. ST'L | 101-149 | Nipples | 7/8 - 44 | 1/4
IMG_5925|Standard | N.P.T. STN. ST'L | 1-103-100 to 1-103-149 | Nipples | 7/8 - 44 | 1/4
IMG_5926|Category | Subcategory | Part Number | Description | Length (in) | Pipe O.D.
IMG_5926|Standard | 1/4 N.P.T. STN. STL NIPPLES | 151-199 | Pipe Nipples | 7/8 to 44 | Not specified
IMG_5926|FMC Corporation | Packaging Machinery Division | Not specified | 1/4 STN. STL PIPE NIPPLES | Not specified | Not specified
IMG_5927|Category | Subcategory | Part Number | Description | Length (in) | Pipe O.D.
IMG_5927|--- | --- | --- | --- | --- | ---
IMG_5927|STANDARD | H.B.T. STN. STL | 201-299 | NIPPLES | 1-75 | Unclear
IMG_5927|FMC CORPORATION | PACKAGING MACHINERY DIVISION | 3-089- | 3/8 STAIN. STL NIPPLES | 1.103-200 TO 1.103-299 | Unclear
IMG_5928|Category | Subcategory | Part Number | Description | Length (in) | Pipe O.D.
IMG_5928|--- | --- | --- | --- | --- | ---
IMG_5928|N.P.T. | NIPPLES | 301-320 | 3/8 STD. 92L PIPE NIPPLES | 1.5 - 15 | 6
IMG_5928|N.P.T. | NIPPLES | 321-340 | 3/8 STD. 92L PIPE NIPPLES | 16 - 35 | 5
IMG_5928|N.P.T. | NIPPLES | 341-360 | 3/8 STD. 92L PIPE NIPPLES | 36 - 55 | 4
IMG_5928|N.P.T. | NIPPLES | 361-380 | 3/8 STD. 92L PIPE NIPPLES | 56 - 75 | 3
IMG_5928|N.P.T. | NIPPLES | 381-399 | 3/8 STD. 92L PIPE NIPPLES | 76 - 94 | 2
IMG_5929|Category | Subcategory | Part Number | Description | Length (in.) | Close
IMG_5929|---|---|---|---|---|---
IMG_5929|Standard | 1/2 N.P.T. | 401-420 | Nipples | 1-103-400 to 1-103-499 | 1 to 15
IMG_5929|Standard | 1/2 N.P.T. | 421-440 | Nipples | 16 to 35 | -
IMG_5929|Standard | 1/2 N.P.T. | 441-460 | Nipples | 36 to 55 | -
IMG_5929|Standard | 1/2 N.P.T. | 461-480 | Nipples | 56 to 75 | -
IMG_5929|Standard | 1/2 N.P.T. | 481-499 | Nipples | 76 to 94 | -
IMG_5929
IMG_5929|Additional Information:
IMG_5929|Company | Division | Date | Drawing No.
IMG_5929|---|---|---|---
IMG_5929|FMC Corporation | Packaging Machinery Division | 1-6-83 | STD.
IMG_5930|Category | Subcategory | Part Number | Description | Length (in) | Pipe O.D.
IMG_5930|--- | --- | --- | --- | --- | ---
IMG_5930|1/2 N.P.T. | STN. STL NIPPLES | 501 | Pipe Nipple | 1 1/2 | STD.
IMG_5930|1/2 N.P.T. | STN. STL NIPPLES | 502 | Pipe Nipple | 1 3/4 | STD.
IMG_5930|1/2 N.P.T. | STN. STL NIPPLES | 503 | Pipe Nipple | 2 | STD.
IMG_5930|1/2 N.P.T. | STN. STL NIPPLES | 504 | Pipe Nipple | 2 1/2 | STD.
IMG_5930|1/2 N.P.T. | STN. STL NIPPLES | 505 | Pipe Nipple | 3 | STD.
IMG_5930|1/2 N.P.T. | STN. STL NIPPLES | 506 | Pipe Nipple | 3 1/2 | STD.
IMG_5930|1/2 N.P.T. | STN. STL NIPPLES | 507 | Pipe Nipple | 4 | STD.
IMG_5930|1/2 N.P.T. | STN. STL NIPPLES | 508 | Pipe Nipple | 4 1/2 | STD.
IMG_5930|1/2 N.P.T. | STN. STL NIPPLES | 509 | Pipe Nipple | 5 | STD.
IMG_5930|1/2 N.P.T. | STN. STL NIPPLES | 510 | Pipe Nipple | 5 1/2 | STD.
IMG_5930|1/2 N.P.T. | STN. STL NIPPLES | 511 | Pipe Nipple | 6 | STD.
IMG_5930|1/2 N.P.T. | STN. STL NIPPLES | 512 | Pipe Nipple | 7 | STD.
IMG_5930|1/2 N.P.T. | STN. STL NIPPLES | 513 | Pipe Nipple | 8 | STD.
IMG_5930|1/2 N.P.T. | STN. STL NIPPLES | 514 | Pipe Nipple | 9 | STD.
IMG_5930|1/2 N.P.T. | STN. STL NIPPLES | 515 | Pipe Nipple | 10 | STD.
IMG_5930|1/2 N.P.T. | STN. STL NIPPLES | 516 | Pipe Nipple | 11 | STD.
IMG_5930|1/2 N.P.T. | STN. STL NIPPLES | 517 | Pipe Nipple | 12 | STD.
IMG_5930|1/2 N.P.T. | STN. STL NIPPLES | 518 | Pipe Nipple | 13 | STD.
IMG_5930|1/2 N.P.T. | STN. STL NIPPLES | 519 | Pipe Nipple | 14 | STD.
IMG_5930|1/2 N.P.T. | STN. STL NIPPLES | 520 | Pipe Nipple | 15 | STD.
IMG_5931|Category | Subcategory | Part Number | Description | Material/Specification | Dimensions/Size | Quantity
IMG_5931|Standard | N.P.T. STN. STL | 3-089- | NIPPLES | | 1-103-600 To 1-103-699 | 
IMG_5931|Lengths | | G01 | | | 1/8 | 
IMG_5931|Lengths | | G02 | | | 1 1/4 | 
IMG_5931|Lengths | | G03 | | | 2 | 
IMG_5931|Lengths | | G04 | | | 2 1/2 | 
IMG_5931|Lengths | | G05 | | | 3 | 
IMG_5931|Lengths | | G06 | | | 3 1/2 | 
IMG_5931|Lengths | | G07 | | | 4 | 
IMG_5931|Lengths | | G08 | | | 4 1/2 | 
IMG_5931|Lengths | | G09 | | | 5 | 
IMG_5931|Lengths | | G10 | | | 5 1/2 | 
IMG_5931|Lengths | | G11 | | | 6 | 
IMG_5931|Lengths | | G12 | | | 7 | 
IMG_5931|Lengths | | G13 | | | 8 | 
IMG_5931|Lengths | | G14 | | | 9 | 
IMG_5931|Lengths | | G15 | | | 10 | 
IMG_5931|Lengths | | G16 | | | 11 | 
IMG_5931|Lengths | | G17 | | | 12 | 
IMG_5931|Lengths | | G18 | | | 13 | 
IMG_5931|Lengths | | G19 | | | 14 | 
IMG_5931|Lengths | | G20 | | | 15 | 
IMG_5931|Lengths | | G21 | | | 16 | 
IMG_5931|Lengths | | G22 | | | 17 | 
IMG_5931|Lengths | | G23 | | | 18 | 
IMG_5931|Lengths | | G24 | | | 19 | 
IMG_5931|Lengths | | G25 | | | 20 | 
IMG_5931|Lengths | | G26 | | | 21 | 
IMG_5931|Lengths | | G27 | | | 22 | 
IMG_5931|Lengths | | G28 | | | 23 | 
IMG_5931|Lengths | | G29 | | | 24 | 
IMG_5931|Lengths | | G30 | | | 25 | 
IMG_5931|Lengths | | G31 | | | 26 | 
IMG_5931|Lengths | | G32 | | | 27 | 
IMG_5931|Lengths | | G33 | | | 28 | 
IMG_5931|Lengths | | G34 | | | 29 | 
IMG_5931|Lengths | | G35 | | | 30 | 
IMG_5931|Lengths | | G36 | | | 31 | 
IMG_5931|Lengths | | G37 | | | 32 | 
IMG_5931|Lengths | | G38 | | | 33 | 
IMG_5931|Lengths | | G39 | | | 34 | 
IMG_5931|Lengths | | G40 | | | 35 | 
IMG_5931|Lengths | | G41 | | | 36 | 
IMG_5931|Lengths | | G42 | | | 37 | 
IMG_5931|Lengths | | G43 | | | 38 | 
IMG_5931|Lengths | | G44 | | | 39 | 
IMG_5931|Lengths | | G45 | | | 40 | 
IMG_5931|Lengths | | G46 | | | 41 | 
IMG_5931|Lengths | | G47 | | | 42 | 
IMG_5931|Lengths | | G48 | | | 43 | 
IMG_5931|Lengths | | G49 | | | 44 | 
IMG_5931|Lengths | | G50 | | | 45 | 
IMG_5931|Lengths | | G51 | | | 46 | 
IMG_5931|Lengths | | G52 | | | 47 | 
IMG_5931|Lengths | | G53 | | | 48 | 
IMG_5931|Lengths | | G54 | | | 49 | 
IMG_5931|Lengths | | G55 | | | 50 | 
IMG_5931|Lengths | | G56 | | | 51 | 
IMG_5931|Lengths | | G57 | | | 52 | 
IMG_5931|Lengths | | G58 | | | 53 | 
IMG_5931|Lengths | | G59 | | | 54 | 
IMG_5931|Lengths | | G60 | | | 55 | 
IMG_5931|Lengths | | G61 | | | 56 | 
IMG_5931|Lengths | | G62 | | | 57 | 
IMG_5931|Lengths | | G63 | | | 58 | 
IMG_5931|Lengths | | G64 | | | 59 | 
IMG_5931|Lengths | | G65 | | | 60 | 
IMG_5931|Lengths | | G66 | | | 61 | 
IMG_5931|Lengths | | G67 | | | 62 | 
IMG_5931|Lengths | | G68 | | | 63 | 
IMG_5931|Lengths | | G69 | | | 64 | 
IMG_5931|Lengths | | G70 | | | 65 | 
IMG_5931|Lengths | | G71 | | | 66 | 
IMG_5931|Lengths | | G72 | | | 67 | 
IMG_5931|Lengths | | G73 | | | 68 | 
IMG_5931|Lengths | | G74 | | | 69 | 
IMG_5931|Lengths | | G75 | | | 70 | 
IMG_5931|Lengths | | G76 | | | 71 | 
IMG_5931|Lengths | | G77 | | | 72 | 
IMG_5931|Lengths | | G78 | | | 73 | 
IMG_5931|Lengths | | G79 | | | 74 | 
IMG_5931|Lengths | | G80 | | | 75 | 
IMG_5931|Lengths | | G81 | | | 76 | 
IMG_5931|Lengths | | G82 | | | 77 | 
IMG_5931|Lengths | | G83 | | | 78 | 
IMG_5931|Lengths | | G84 | | | 79 | 
IMG_5931|Lengths | | G85 | | | 80 | 
IMG_5931|Lengths | | G86 | | | 81 | 
IMG_5931|Lengths | | G87 | | | 82 | 
IMG_5931|Lengths | | G88 | | | 83 | 
IMG_5931|Lengths | | G89 | | | 84 | 
IMG_5931|Lengths | | G90 | | | 85 | 
IMG_5931|Lengths | | G91 | | | 86 | 
IMG_5931|Lengths | | G92 | | | 87 | 
IMG_5931|Lengths | | G93 | | | 88 | 
IMG_5931|Lengths | | G94 | | | 89 | 
IMG_5931|Lengths | | G95 | | | 90 | 
IMG_5931|Lengths | | G96 | | | 91 | 
IMG_5931|Lengths | | G97 | | | 92 | 
IMG_5931|Lengths | | G98 | | | 93 | 
IMG_5931|Lengths | | G99 | | | 94 |
IMG_5932|Category | Subcategory | Part Number | Description | Length (in) | Material
IMG_5932|Standard | Nipples | 701-749 | 1/4 STN 876 PIPE NIPPLES | 1 3/8 - 45 | PLCCH
IMG_5932
IMG_5932|"Note: The table includes the main information visible in the image. The ""Length (in)"" column represents the range of lengths shown in the chart, from the smallest (1 3/8) to the largest (45) value. The material ""PLCCH"" is derived from the ""MATL."" field on the form. Some fields like Quantity are not explicitly stated in the image, so they are omitted from the table."
IMG_5933|Category | Subcategory | Part Number | Description | Material | Dimensions | Quantity
IMG_5933|Standard |" 1"" N.P.T. ST'N STL "| 751-799 | Nipples | PURCH. |" Lengths 1.5"" to 45"" "| 49 pieces
IMG_5933|FMC Corporation | Packaging Machinery Division | 52089 |" 1"" ST'N STL NIPPLES "| PURCH. |" Pipe O.D. 1"" "| Not specified
IMG_5934|Category | Subcategory | Part Number | Description | Length (in) | Material
IMG_5934|Standard |" 1"" NPT STN STL NIPPLES "| 1-103-800 to 1-103-849 | Pipe Nipples | 1.5 to 45 | PURCH.
IMG_5934
IMG_5934|Part No. | Length (in)
IMG_5934|801 | 1.5
IMG_5934|802 | 2
IMG_5934|803 | 2.5
IMG_5934|804 | 3
IMG_5934|805 | 3.5
IMG_5934|806 | 4
IMG_5934|807 | 4.5
IMG_5934|808 | 5
IMG_5934|809 | 5.5
IMG_5934|810 | 6
IMG_5934|811 | 7
IMG_5934|812 | 8
IMG_5934|813 | 9
IMG_5934|814 | 10
IMG_5934|815 | 11
IMG_5934|816 | 12
IMG_5934|817 | 13
IMG_5934|818 | 14
IMG_5934|819 | 15
IMG_5934|820 | 16
IMG_5934|821 | 17
IMG_5934|822 | 18
IMG_5934|823 | 19
IMG_5934|824 | 20
IMG_5934|825 | 21
IMG_5934|826 | 22
IMG_5934|827 | 23
IMG_5934|828 | 24
IMG_5934|829 | 25
IMG_5934|830 | 26
IMG_5934|831 | 27
IMG_5934|832 | 28
IMG_5934|833 | 29
IMG_5934|834 | 30
IMG_5934|835 | 31
IMG_5934|836 | 32
IMG_5934|837 | 33
IMG_5934|838 | 34
IMG_5934|839 | 35
IMG_5934|840 | 36
IMG_5934|841 | 37
IMG_5934|842 | 38
IMG_5934|843 | 39
IMG_5934|844 | 40
IMG_5934|845 | 41
IMG_5934|846 | 42
IMG_5934|847 | 43
IMG_5934|848 | 44
IMG_5934|849 | 45
IMG_5935|Category | Subcategory | Part Number | Description | Material/Specification | Dimensions/Size | Quantity
IMG_5935|Standard | | 1-103-850 to 1-103-899 | 1/4 NPT STN. STL NIPPLES | | |
IMG_5935|Lengths (IN.) | Close | 851 | | | 1.5 |
IMG_5935|Lengths (IN.) | | 852 | | | 2 |
IMG_5935|Lengths (IN.) | | 853 | | | 2.5 |
IMG_5935|Lengths (IN.) | | 854 | | | 3 |
IMG_5935|Lengths (IN.) | | 855 | | | 3.5 |
IMG_5935|Lengths (IN.) | | 856 | | | 4 |
IMG_5935|Lengths (IN.) | | 857 | | | 4.5 |
IMG_5935|Lengths (IN.) | | 858 | | | 5 |
IMG_5935|Lengths (IN.) | | 859 | | | 5.5 |
IMG_5935|Lengths (IN.) | | 860 | | | 6 |
IMG_5935|Lengths (IN.) | | 861 | | | 7 |
IMG_5935|Lengths (IN.) | | 862 | | | 8 |
IMG_5935|Lengths (IN.) | | 863 | | | 9 |
IMG_5935|Lengths (IN.) | | 864 | | | 10 |
IMG_5935|Lengths (IN.) | | 865 | | | 11 |
IMG_5935|Lengths (IN.) | | 866 | | | 12 |
IMG_5935|Lengths (IN.) | | 867 | | | 13 |
IMG_5935|Lengths (IN.) | | 868 | | | 14 |
IMG_5935|Lengths (IN.) | | 869 | | | 15 |
IMG_5935|Lengths (IN.) | | 870 | | | 16 |
IMG_5935|Lengths (IN.) | | 871 | | | 17 |
IMG_5935|Lengths (IN.) | | 872 | | | 18 |
IMG_5935|Lengths (IN.) | | 873 | | | 19 |
IMG_5935|Lengths (IN.) | | 874 | | | 20 |
IMG_5935|Lengths (IN.) | | 875 | | | 21 |
IMG_5935|Lengths (IN.) | | 876 | | | 22 |
IMG_5935|Lengths (IN.) | | 877 | | | 23 |
IMG_5935|Lengths (IN.) | | 878 | | | 24 |
IMG_5935|Lengths (IN.) | | 879 | | | 25 |
IMG_5935|Lengths (IN.) | | 880 | | | 26 |
IMG_5935|Lengths (IN.) | | 881 | | | 27 |
IMG_5935|Lengths (IN.) | | 882 | | | 28 |
IMG_5935|Lengths (IN.) | | 883 | | | 29 |
IMG_5935|Lengths (IN.) | | 884 | | | 30 |
IMG_5935|Lengths (IN.) | | 885 | | | 31 |
IMG_5935|Lengths (IN.) | | 886 | | | 32 |
IMG_5935|Lengths (IN.) | | 887 | | | 33 |
IMG_5935|Lengths (IN.) | | 888 | | | 34 |
IMG_5935|Lengths | | 889 | | | 35 |
IMG_5935|Lengths | | 890 | | | 36 |
IMG_5935|Lengths | | 891 | | | 37 |
IMG_5935|Lengths | | 892 | | | 38 |
IMG_5935|Lengths | | 893 | | | 39 |
IMG_5935|Lengths | | 894 | | | 40 |
IMG_5935|Lengths | | 895 | | | 41 |
IMG_5935|Lengths | | 896 | | | 42 |
IMG_5935|Lengths | | 897 | | | 43 |
IMG_5935|Lengths | | 898 | | | 44 |
IMG_5935|Lengths | | 899 | | | 45 |
IMG_5936|Category | Subcategory | Part Number | Description | Length (in) | Pipe O.D.
IMG_5936|Standard | 1/4 NPT STN STL NIPPLES | 901-949 | 1/4 STN ST'L NIPPLES | 1 5/8 - 45 | -
IMG_5936|- | - | 901 | - | 1 5/8 | -
IMG_5936|- | - | 902 | - | 2 | -
IMG_5936|- | - | 903 | - | 2 1/2 | -
IMG_5936|- | - | 904 | - | 3 | -
IMG_5936|- | - | 905 | - | 3 1/2 | -
IMG_5936|- | - | 906 | - | 4 | -
IMG_5936|- | - | 907 | - | 4 1/2 | -
IMG_5936|- | - | 908 | - | 5 | -
IMG_5936|- | - | 909 | - | 5 1/2 | -
IMG_5936|- | - | 910 | - | 6 | -
IMG_5936|- | - | 911 | - | 7 | -
IMG_5936|- | - | 912 | - | 8 | -
IMG_5936|- | - | 913 | - | 9 | -
IMG_5936|- | - | 914 | - | 10 | -
IMG_5936|- | - | 915 | - | 11 | -
IMG_5936|- | - | 916 | - | 12 | -
IMG_5936|- | - | 917 | - | 13 | -
IMG_5936|- | - | 918 | - | 14 | -
IMG_5936|- | - | 919 | - | 15 | -
IMG_5936|- | - | 920 | - | 16 | -
IMG_5936|- | - | 921 | - | 17 | -
IMG_5936|- | - | 922 | - | 18 | -
IMG_5936|- | - | 923 | - | 19 | -
IMG_5936|- | - | 924 | - | 20 | -
IMG_5936|- | - | 925 | - | 21 | -
IMG_5936|- | - | 926 | - | 22 | -
IMG_5936|- | - | 927 | - | 23 | -
IMG_5936|- | - | 928 | - | 24 | -
IMG_5936|- | - | 929 | - | 25 | -
IMG_5936|- | - | 930 | - | 26 | -
IMG_5936|- | - | 931 | - | 27 | -
IMG_5936|- | - | 932 | - | 28 | -
IMG_5936|- | - | 933 | - | 29 | -
IMG_5936|- | - | 934 | - | 30 | -
IMG_5936|- | - | 935 | - | 31 | -
IMG_5936|- | - | 936 | - | 32 | -
IMG_5936|- | - | 937 | - | 33 | -
IMG_5936|- | - | 938 | - | 34 | -
IMG_5936|- | - | 939 | - | 35 | -
IMG_5936|- | - | 940 | - | 36 | -
IMG_5936|- | - | 941 | - | 37 | -
IMG_5936|- | - | 942 | - | 38 | -
IMG_5936|- | - | 943 | - | 39 | -
IMG_5936|- | - | 944 | - | 40 | -
IMG_5936|- | - | 945 | - | 41 | -
IMG_5936|- | - | 946 | - | 42 | -
IMG_5936|- | - | 947 | - | 43 | -
IMG_5936|- | - | 948 | - | 44 | -
IMG_5936|- | - | 949 | - | 45 | -
IMG_5937|Category | Subcategory | Part Number | Description | Length (in) | Material
IMG_5937|Standard | Pipe Nipples | 951-974 | 1 1/2 N.P.T. ST'N. ST'L. | 1 3/4 to 20 | PURCH.
IMG_5937
IMG_5937|Lengths (in) | Part No.
IMG_5937|1 3/4 | 951
IMG_5937|2 | 952
IMG_5937|2 1/2 | 953
IMG_5937|3 | 954
IMG_5937|3 1/2 | 955
IMG_5937|4 | 956
IMG_5937|4 1/2 | 957
IMG_5937|5 | 958
IMG_5937|5 1/2 | 959
IMG_5937|6 | 960
IMG_5937|7 | 961
IMG_5937|8 | 962
IMG_5937|9 | 963
IMG_5937|10 | 964
IMG_5937|11 | 965
IMG_5937|12 | 966
IMG_5937|13 | 967
IMG_5937|14 | 968
IMG_5937|15 | 969
IMG_5937|16 | 970
IMG_5937|17 | 971
IMG_5937|18 | 972
IMG_5937|19 | 973
IMG_5937|20 | 974
IMG_5938|Category | Size | Part No.
IMG_5938|Standard | 1 1/2 | 976
IMG_5938|Standard | 2 | 977
IMG_5938|Standard | 2 1/2 | 978
IMG_5938|Standard | 3 | 979
IMG_5938|Standard | 3 1/2 | 980
IMG_5938|Standard | 4 | 981
IMG_5938|Standard | 4 1/2 | 982
IMG_5938|Standard | 5 | 983
IMG_5938|Standard | 5 1/2 | 984
IMG_5938|Standard | 6 | 985
IMG_5938|Standard | 7 | 986
IMG_5938|Standard | 8 | 987
IMG_5938|Standard | 9 | 988
IMG_5938|Standard | 10 | 989
IMG_5938|Standard | 11 | 990
IMG_5938|Standard | 12 | 991
IMG_5938|Standard | 13 | 992
IMG_5938|Standard | 14 | 993
IMG_5938|Standard | 15 | 994
IMG_5938|Standard | 16 | 995
IMG_5938|Standard | 17 | 996
IMG_5938|Standard | 18 | 997
IMG_5938|Standard | 19 | 998
IMG_5938|Standard | 20 | 999
IMG_5939|Category | Part Number | Description | Material/Specification | Dimensions/Size | Additional Info
IMG_5939|Pads - Leveling | 1-104-000 | | | |
IMG_5939|| 01-104-001-7 | Vlier Toggle Pad | Cat No NP-312 1-8 Thread with Delrin Pad | |
IMG_5939|| 01-104-002-7 | Vlier Leveling Pad - Socket Type | Stainless Steel | 5/8-11 | Cat No. SSP309B
IMG_5939|| 01-104-003-7 | Vlier Leveling Pad - Soc. Type | Steel (Zinc Plate, Gold Iridite) | 5/8-11 | Cat No P308B
IMG_5939|| 01-104-004-7 | Reid Leveling Pad - Soc Type | Steel (Zinc Plate, Gold Iridite) | 3/4-10 | Cat No L3
IMG_5939|| 01-104-005-7 | Nolu Plastics Inc Leveling Pad | Steel (Zinc Plated) | 1-8 | Part Number 37687, New Number V48184-01-P100-L7
IMG_5939|| 01-104-006-7 | Reid Leveling Pad - Soc. Type | Stainless Steel | 3/4-10 | Cat # L-388
IMG_5939|| 01-104-007-7 | Nolu Adjustable Foot | |" 1/2-13 Thd x 5/16"" Lg "| Code # 37619 (With Antivibration Pad)
IMG_5939|| 01-104-008-7 | Leveling Pad Delrin Socket Type | | 5/8-11 | Reid No. LD-2
IMG_5939|| 01-104-009-7 | Leveling Pad Delrin Socket Type | | 3/4-10 | Reid No. LD-3
IMG_5939|| 01-104-010-7 | Leveling Pad - Nolu Plastics Inc | Zinc Plated |" 3/4-10 x 5.91"" Lg L=6.34 "| Part No 37632
IMG_5941|Category | Part Number | Description | Material/Specification | Dimensions/Size | Additional Info
IMG_5941|--- | --- | --- | --- | --- | ---
IMG_5941|Leveling Pad | 01-104-011-7 | Leveling Pad - Nolu Plastics | 3/4-10 Thread (Zinc Plated) |" L = 7.69"" "| Nolu # 37623, VG-511-02-P34-L7T
IMG_5941|Leveling Pad | 01-104-012-7 | Leveling Pad - Nolu Plastics | 1-8 x Thread (Zinc Plated) |" L = 9.95"" "|" Nolu # 37132, VG-520-02-P100-L10T, 4.34"" Pad"
IMG_5941|Leveling Pad | 01-104-013-7 | Leveling Pad - Nolu Plastics |" 3/4-10 x 7.69"" LG (Stainless Steel) "| L = 7.69 | Nolu # 37847, VG-511-02-S34-L7T
IMG_5941|Leveling Pad | 01-104-014-7 | Leveling Pad - Nolu Plastics | USDA Approved Plastic Base, S.S. Spindle | 3/4-10 L = 7.32 | Nolu # 68473
IMG_5941|Leveling Pad | 01-104-015-7 | Leveling Pad - Nolu Plastics | USDA Approved Plastic Base, S.S. Spindle | 3/4-10 L = 7.50 | Nolu # 68035
IMG_5941|Leveling Pad | 01-104-016-7 | Leveling Pad - Nolu Plastics | 3/4-10 THRD Zinc Plated | L = 9.49 | Nolu # 38769 (See 01-104-023-7)
IMG_5941|Threaded Tube End | 01-104-017-7 | Threaded Tube End |" For 1 1/2"" Sq x .120 Wall Tube, 1/2-13 Thread "| | Nolu # 34405, VG-553-812
IMG_5941|Threaded Tube End | 01-104-018-7 | Threaded Tube End |" For 2"" Sq x .065 Wall Tube, 1/2-13 Thread "| | Nolu # 34255, VG-555-812
IMG_5942|Category | Part Number | Description | Specifications
IMG_5942|Pads-Leveling | 01-104-000 | | 
IMG_5942| | 01-104-019-7 | Threaded Tube End | For 1½ SQ x .120 WALL TUBE, 3/4-10 THREAD, NOLU #34407-> VG-553-B34
IMG_5942| | 01-104-020-7 | Leveling Pad |" NOLU #38070, or Equal, 1/2-13 THR'D - 3.15 DIA. - 5.93"" HIGH (ZINC PLATED), VG-505-02-P12-L5"
IMG_5942| | 01-104-021-7 | Leveling Pad |" NOLU # VG-511-03-S34-L5, 3/4-10 THR'D - SP. ST. - 4"" DIA - ONE LAG HOLE, 6.20"" HIGH"
IMG_5942| | 01-104-022-7 | Post Cap - Side Mounted | For 1½ SQ. TUBE, NOLU # VG-305SQ-T.150
IMG_5942| | 01-104-023-7 | Connector For SQ Tubing | (1½ SQ x .120 WALL), NOLU # VG-C115
IMG_5942| | 01-104-024-7 | Threaded Tube End |" For 1½"" SQ x .120 WALL TUBE, 5/8-11 THREAD, NOLU # VG-553-B58"
IMG_5942| | 01-104-025-7 | Threaded Tube End |" For 2"" SQ x .120 WALL TUBE, 3/4-10 THREAD, NOLU # VG-556-B34"
IMG_5942| | 01-104-026-7 | Threaded Tube End |" For 1½"" SQ x .065"" WALL TUBE, ½-13 THREAD, NOLU # VG-552-B12"
IMG_5942| | 01-104-027-7 | Leveling Pad | NOLU # VG-505-02-P58-L5, 5/8-11 THR'D - 3.15 DIA. - 5.93 HIGH - ZINC PLATED, VENDOR - SOLVS (CAT. VOL. 3 PG 203)
