IMG_7723|Category | Subcategory | Part Number/ID
IMG_7723|Index | General For Rebuilding (FMC's ETC.) | 10-000-000
IMG_7723|Index | AmeriPak PFM 2000/2500 | 11-000-000
IMG_7723|Index | AmeriPak PFM 50/80/200/30 | 12-000-000
IMG_7723|Index |" ""LS"" Quad - All Quads "| 13-000-000
IMG_7723|Index | Intermittent Cardboard Sheeter (FMC) | 14-000-000
IMG_7723|Index | Gluers & Wrappers | 15-000-000
IMG_7723|Index | Cioni Box Closer | 16-000-000
IMG_7723|Index | Vipomat | 16-100-000
IMG_7723|Index | Machines In Inventory | 17-000-000
IMG_7723|Index | Sheet Metal | 17-500/501-000
IMG_7723|Index | STS Polywrapper | 18-000-000
IMG_7723|Index |" AmeriPak Filled Tray Sealer Model ""245"" "| 19-000-000
IMG_7723|Index | AmeriPak 60/140/560 Wrapper | 20-000-000
IMG_7723|Index | AmeriPak 3500 Wrapper | 21-000-000
IMG_7723|Index | AmeriPak 3500 Servo Feeder | 22-000-000
IMG_7723|Index | AmeriPak 40 | 23-000-000
IMG_7723|Index | HWS | 24-000-000
IMG_7724|Category | Subcategory | Part Number/ID
IMG_7724|AmeriPak PFM 2000/2500 Basic Machines | AmeriPak PFM 2000 | 11-000-001
IMG_7724|AmeriPak PFM 2000/2500 Basic Machines | AmeriPak PFM 2000 SS (Stainless Steel) | 11-000-002
IMG_7724|AmeriPak PFM 2000/2500 Basic Machines | AmeriPak PFM 2500 | 11-000-003
IMG_7724|AmeriPak PFM 2000/2500 Basic Machines | AmeriPak PFM S2500 (Shrink Poly Wrapper) | 11-000-004
IMG_7724|AmeriPak PFM 2000/2500 Basic Machines | AmeriPak PFM S2500 SS (Stainless Shrink) | 11-000-005
IMG_7724|AmeriPak PFM 2000/2500 Basic Machines | AmeriPak PFM 2500 SS | 11-000-006
IMG_7724|AmeriPak PFM 2000/2500 Basic Machines | AmeriPak PFM 2500 SS - LH | 11-000-007
IMG_7724|AmeriPak PFM 2000/2500 Basic Machines | AmeriPak PFM S2500SSWYC (Shrink,Vert Crimper, JFST, B. Wire) | 11-000-008
IMG_7724|AmeriPak PFM 2000/2500 Basic Machines | AmeriPak PFM S2500SSW (Shrink, Horiz Crimp Side B. Wire) | 11-000-009
IMG_7724|AmeriPak PFM 2000/2500 Basic Machines | AmeriPak PFM 2500 LD | 11-000-010
IMG_7724|AmeriPak PFM 2000/2500 Basic Machines | AmeriPak PFM S2500 W | 11-000-011
IMG_7724|AmeriPak PFM 2000/2500 Basic Machines | AmeriPak PFM 2000 W | 11-000-012
IMG_7724|AmeriPak PFM 2000/2500 Basic Machines | AmeriPak PFM S2500SS-LH | 11-000-013
IMG_7724|AmeriPak PFM 2000/2500 Basic Machines | AmeriPak PFM 2500T | 11-000-014
IMG_7724|AmeriPak PFM 2000/2500 Basic Machines | AmeriPak S2500 SS (BPOM) - Smithkline | 11-000-015
IMG_7724|AmeriPak PFM 2000/2500 Basic Machines | AmeriPak PFM 2000 SSW - 001 Quakermaid | 11-215-
IMG_7724|AmeriPak PFM 2000/2500 Basic Machines | AmeriPak S2500 - 001 ACS Industries | 11-216-
IMG_7726|Category | Subcategory | Part Number/ID
IMG_7726|AmeriPak 2000 Groups | Frame | 11-001-000
IMG_7726|AmeriPak 2000 Groups | Motor Drive | 11-002-000
IMG_7726|AmeriPak 2000 Groups | Drive | 11-003-000
IMG_7726|AmeriPak 2000 Groups | Fin Wheel | 11-004-000
IMG_7726|AmeriPak 2000 Groups | Cutting Head | 11-005-000
IMG_7726|AmeriPak 2000 Groups | Discharge Conveyor | 11-006-000
IMG_7726|AmeriPak 2000 Groups | Back Stand | 11-007-000
IMG_7726|AmeriPak 2000 Groups | Parent Roll | 11-008-000
IMG_7726|AmeriPak 2000 Groups | Receiving Conveyor Nose | 11-009-000
IMG_7726|AmeriPak 2000 Groups | Receiving Conveyor Tail | 11-010-000
IMG_7726|AmeriPak 2000 Groups |" Receiving Conveyor - 30"" Extension "| 11-011-000
IMG_7726|AmeriPak 2000 Groups |" Receiving Conveyor - 60"" Extension "| 11-012-000
IMG_7726|AmeriPak 2000 Groups | Electrical Cabinet | 11-013-000
IMG_7726|AmeriPak 2000 Groups | Guards & Covers | 11-014-000
IMG_7726|AmeriPak 2000 Groups | Vacuum Conveyor (Sheets 4+5 for stain. pack only) | 11-015-000
IMG_7726|AmeriPak 2000 Groups | Bead End Seal/Cut Off Unit | 11-016-000
IMG_7726|AmeriPak 2000 Groups | Electrostatic Lap Sealer | 11-017-000
IMG_7726|AmeriPak 2000 Groups | Hole Punch | 11-018-000
IMG_7726|AmeriPak 2000 Groups | Power Unwind Roller | 11-019-000
IMG_7727|Category | Subcategory | Part Number/ID
IMG_7727|AMERI PAK 2000 GROUPS | Electrical Controls for Shrink Poly Wrapper | 11-000-000
IMG_7727|AMERI PAK 2000 GROUPS | Electrical Controls for Shrink Poly Wrapper | 11-020-000
IMG_7727|AMERI PAK 2000 GROUPS | Receiving Conveyor - Inverted Machine | 11-021-000
IMG_7727|AMERI PAK 2000 GROUPS | Receiving Conveyor with Tail Sprkt Take Up | 11-022-000
IMG_7727|AMERI PAK 2000 GROUPS | Receiving Conveyor - 5 FT- Arranged for Standard or Multipitch | 11-023-000
IMG_7727|AMERI PAK 2000 GROUPS | Vertical Crimper Drive & Support Frame | 11-024-000
IMG_7727|AMERI PAK 2000 GROUPS | Bead End Seal for Vertical Crimpers (200 & x 350mm LG) | 11-025-000
IMG_7727|AMERI PAK 2000 GROUPS | Vacuum Conveyor for Vertical Crimpers | 11-026-000
IMG_7727|AMERI PAK 2000 GROUPS | Electrostatic Lap Sealer | 11-027-000
IMG_7727|AMERI PAK 2000 GROUPS | Delivery Conveyor for Vertical Crimpers | 11-028-000
IMG_7727|AMERI PAK 2000 GROUPS | Vacuum Conveyor for STD Horiz Crimpers (See Layout 11-026-000) | 11-029-000
IMG_7727|AMERI PAK 2000 GROUPS | Bead Fin Seal & Product Assist Belts | 11-030-000
IMG_7727|AMERI PAK 2000 GROUPS | Bead End Seal for Horizontal Crimpers on Extra Wide Mach. (170 MM) Stain. St'l | 11-031-000
IMG_7727|AMERI PAK 2000 GROUPS | Bead Fin Seal (2500 S.S.) | 11-032-000
IMG_7727|AMERI PAK 2000 GROUPS |" Crimper - 4up - 4.166""Dia. x 150mm Wide (Keebler-API) "| 11-033-000
IMG_7727|AMERI PAK 2000 GROUPS | Vacuum Conveyor for Extra Width Horizontal Machine | 11-034-000
IMG_7727|AMERI PAK 2000 GROUPS | Bead End Seal for Horizontal Crimper on Extra Wide Machine | 11-035-000
IMG_7727|AMERI PAK 2000 GROUPS | Basic Crimper 150mm Wide Sig Type | 11-036-000
IMG_7728|Category | Subcategory | Part Number/ID
IMG_7728|AMERI PAK 2000 GROUP | | 11-000-000
IMG_7728|AMERI PAK 2000 GROUP | BEAD END SEAL FOR EXTRA WIDE HORIZONTAL CRIMPERS STAIN. ST'L & EPOXY MACHINES | 11-037-000
IMG_7728|AMERI PAK 2000 GROUP |" BEAD END SEAL - ST'D WIDTH EPOXY - 6"" BEAD ROLL BAR: SPRING LOADED ANVIL - 170 & 2UP - COLGATE "| 11-038-000
IMG_7728|AMERI PAK 2000 GROUP | BEAD END SEAL - 120 & 2UP, 3UP, 4UP, 5UP (WITH SWAT DISCHARGE CONV. THRU CRIMPER) - SANDOZ & | 11-039-000
IMG_7728|AMERI PAK 2000 GROUP | SOFT THRU DISCHARGE CONV. (USE WITH 11-039-000) SANDOZ | 11-040-000
IMG_7729|Category | Subcategory | Part Number/ID
IMG_7729|11-001-000 FRAME | PLATE - MACHINE ANCHOR | 11-001-001-1
IMG_7729|11-001-000 FRAME |" SPACER - LEG (FOR 40"" INFEED MOUNT ST ST MACH) "| 11-001-002-1
IMG_7729|11-001-000 FRAME | JACK SHAFT | 11-001-003-1
IMG_7729|11-001-000 FRAME | SPACER LEG (FOR 39 3/8 INFEED HT (STD MACH)) | 11-001-004-1
IMG_7729|11-001-000 FRAME | SHAFT - JACK (REG. CONV. DRIVE PFM 2500) | 11-001-005-1
IMG_7729|11-001-000 FRAME | MACHINE FOOT ASSEMBLY | 11-001-006-1
IMG_7729|11-001-000 FRAME | ROD - MACHINE FOOT | 11-001-007-1
IMG_7729|11-001-000 FRAME | PAN - BOTTOM | 11-001-008-2
IMG_7729|11-001-000 FRAME | BRACKET - VAC. PUMP | 11-001-009-1
IMG_7729|11-001-000 FRAME | PLATE - FLOOR | 11-001-010-1
IMG_7729|11-001-000 FRAME | COVER - ELEC. PANEL - EASTER | 11-001-011-1
IMG_7729|11-001-000 FRAME | SUPPORT - COVER (EASTER) | 11-001-012-1
IMG_7729|11-001-000 FRAME | PLATE - INFANL (EASTER) | 11-001-013-1
IMG_7729|11-001-000 FRAME | COVER - ELECT. PANEL - S2500 | 11-001-014-2
IMG_7729|11-001-000 FRAME | COVER - CONTROL KNOBS - S2500 | 11-001-015-2
IMG_7729|11-001-000 FRAME | BRACKET - SAFETY SW - 1 PHASE | 11-001-016-1
IMG_7729|11-001-000 FRAME | PLATE - ELEC. BOX MTG | 11-001-017-1
IMG_7729|11-001-000 FRAME | SPACER - ELEC BOX MTG PL - UPPER | 11-001-018-1
IMG_7729|11-001-000 FRAME | SPACER - ELEC BOX MTG PL - LOWER | 11-001-019-1
IMG_7730|Category | Subcategory | Part Number/ID
IMG_7730|DRIVE | | 11-003-000
IMG_7730|DRIVE | | 11-003-001
IMG_7730|DRIVE | SPACER-IDLER PLATE | 11-003-002-1
IMG_7730|DRIVE | PLATE-IDLER | 11-003-003-1
IMG_7730|DRIVE | STUD-IDLER | 11-003-004-1
IMG_7731|Category | Subcategory | Part Number/ID
IMG_7731|FIN WHEEL | FIN WHEEL | 11-004-000
IMG_7731|FIN WHEEL | DISC - FIN WHEEL HEATER (ALTERATION DWG.) | 11-004-001-1
IMG_7731|FIN WHEEL | GUIDE - FIN WHEEL COVER - RH | 11-004-002-1
IMG_7731|FIN WHEEL | GUIDE - FIN WHEEL COVER - LH | 11-004-003-1
IMG_7731|FIN WHEEL | FIN WHEEL - FRONT (FAC KNURLED PATTERN) PAIR | 11-004-004-2
IMG_7731|FIN WHEEL | FIN WHEEL - REAR (FAC KNURLED PATTERN) PAIR | 11-004-005-2
IMG_7731|FIN WHEEL | FIN WHEEL - FRONT (GROOVED PATTERN) PAIR | 11-004-007-2
IMG_7731|FIN WHEEL | FIN WHEEL - REAR (GROOVED PATTERN) PAIR | 11-004-008-2
IMG_7731|FIN WHEEL | HEATER - TUBULAR | 11-004-009-1
IMG_7731|FIN WHEEL | SPACER - E.E. CLUTCH | 11-004-010-2
IMG_7731|FIN WHEEL | FIN WHEEL - FRONT (FAC KNURLED PATT. FOR 2000) PAIR | 11-004-011-2
IMG_7731|FIN WHEEL | FIN WHEEL - REAR (FAC KNURLED PATT. FOR 2000) PAIR | 11-004-012-2
IMG_7731|FIN WHEEL | PLATE - TOP LH (2000 MOUNT - FOR LAUREL PROTON) | 11-004-013-1
IMG_7731|FIN WHEEL | PLATE - TOP LH (SMITHVILLE BOREHAM) | 11-004-014-1
IMG_7731|FIN WHEEL | PLATE - TOP RH (SMITHVILLE BOREHAM) | 11-004-015-1
IMG_7731|FIN WHEEL | PLATE - TOP LH | 11-004-016-1
IMG_7731|FIN WHEEL | WHEEL - FIN - TURNOVER - FRONT | 11-004-017-1
IMG_7731|FIN WHEEL | WHEEL - FIN - TURNOVER - REAR | 11-004-018-1
IMG_7731|FIN WHEEL | CORE - FIN WHEEL | 11-004-019-1
IMG_7731|FIN WHEEL | COLLAR - FIN WHEEL BRG. SEAL | 11-004-020-1
IMG_7731|FIN WHEEL | SHAFT MODIFIED | 11-004-021-1
IMG_7731|FIN WHEEL | TUBE-SUPPORT MODIFIED | 11-004-022-1
IMG_7731|FIN WHEEL | DEFLECTOR - PUSHER | 11-004-023-1
IMG_7731|FIN WHEEL | PLATES - TOP FIN (ALTERATION FOR ABS) | 11-004-024-1
IMG_7732|Category | Subcategory | Part Number/ID
IMG_7732|Index | Cutting Head | 11-005-000
IMG_7732|Index | Knife 5x10x250 | 11-005-001-1
IMG_7732|Index | Anvil 5x10x250 | 11-005-002-1
IMG_7732|Index | Knife 5x20x250 | 11-005-003-1
IMG_7732|Index | Anvil 5x20x250 | 11-005-004-1
IMG_7732|Index | Anvil 5x20x250 | 11-005-005-1
IMG_7732|Index | Bracket + O.L. Clutch Micro | 11-005-006-1
IMG_7732|Index | Insulator - 10mm | 11-005-007-1
IMG_7732|Index | Cam - E.E. Timing (8UP/2UP) | 11-005-008-1
IMG_7732|Index | Knife - Zig Zag (5mm x 20mm x 250mm) 2 140 mm Crimpers | 11-005-009-1
IMG_7732|Index | Anvil (5 x 20 x 250) | 11-005-010-1
IMG_7732|Index | Knife - Zig Zag (5mm x 15mm x 150mm) 2 120 mm Crimpers | 11-005-011-1
IMG_7732|Index | Anvil (5mm x 15mm x 150mm) | 11-005-012-1
IMG_7732|Index | Knife | 11-005-013-1
IMG_7732|Index | Knife (Sharp Points - 3mm Pitch) 2,500 LD Crimpers | 11-005-014-1
IMG_7732|Index | Cam (2500 LD) 30° Slope | 11-005-015-1
IMG_7732|Index | Cam (2500 LD) 40° Slope | 11-005-016-1
IMG_7732|Index | Knife - Zig Zag (5x20x350) | 11-005-017-1
IMG_7732|Index | Anvil - Radiused (5x20x350) Pre 250 + Hd. | 11-005-018-1
IMG_7732|Index | Knife - Zig Zag (4x15x110) | 11-005-019-1
IMG_7732|Index | Anvil - Radiused 4x15x110 - 106 + Hd. | 11-005-020-1
IMG_7732|Index | 2500 Overload Clutch Lubrication Modification | 11-005-021-2
IMG_7732|Index | Lower Crimper Shaft | 11-005-022-1
IMG_7732|Index | Clutch Sleeve | 11-005-023-1
IMG_7732|Index | Clamp Washer | 11-005-024-1
IMG_7732|Index | Bolt - Clamp | 11-005-025-1
IMG_7732|Index | Knife - Perforated 5x20x250 | 11-005-026-1
IMG_7732|Index | Knife - Perforated 5x20x250 (03x03/15mm) | 11-005-027-1
IMG_7732|Index | Anvil 5x20x250 Radiused - Tin Coated | 11-005-028-1
IMG_7732|Index | Knife 5x20x250 Tin Coated | 11-005-029-1
IMG_7732|Index | Anvil 5x15x190 Radiused - Tin Coated | 11-005-030-1
IMG_7732|Index | Knife 5x15x190 Tin Coated | 11-005-031-1
IMG_7732|Index | Anvil 5x20x150 | 11-005-032-1
IMG_7732|Index | Knife 5x20x150 | 11-005-033-1
IMG_7732|Index | Hub - Gear | 11-005-034-1
IMG_7732|Index | Gear - Drive - 38T | 11-005-035-1
IMG_7733|Category | Subcategory | Part Number/ID
IMG_7733|GEAR- IDLER -38T | | 11-005-036-1
IMG_7733|GEAR- ANTIBACKLASH -38T | | 11-005-037-1
IMG_7733|EXTENSION -SHAFT | | 11-005-038-1
IMG_7733|ROD- INSULATOR | MRS. SMITH | 11-005-039-1
IMG_7733|INSULATOR | MRS. SMITH | 11-005-040-1
IMG_7733|BRACKET- OLC SWITCH | | 11-005-041-1
IMG_7734|Category | Subcategory | Part Number/ID
IMG_7734|Index | Discharge Conveyor | 11-006-000
IMG_7734|Index | Cover - Disc. Conv. | 11-006-001-1
IMG_7734|Index | Brace - Discharge Conveyor (2500) | 11-006-002-1
IMG_7734|Index | Brace - Discharge Conveyor (3500) | 11-006-003-1
IMG_7734|Index | Coupling Shaft Extension (2500) | 11-006-004-1
IMG_7734|Index | Extension Shaft (3500) | 11-006-005-1
IMG_7734|Index | Adapter Bearing | 11-006-006-1
IMG_7734|Index | Roll - Drive | 11-006-007-1
IMG_7734|Index | Shaft - Drive Roll | 11-006-008-1
IMG_7735|Category | Subcategory | Part Number/ID
IMG_7735|Index Back Stand | Back Stand | 11-007-000
IMG_7735|Index Back Stand | Plate-Film Roll-Front | 11-007-001-1
IMG_7735|Index Back Stand | Plate-Film Roll-Rear | 11-007-002-1
IMG_7735|Index Back Stand | Spacer-Reducer | 11-007-003-1
IMG_7735|Index Back Stand | Arm-Back Stand Roll | 11-007-004-1
IMG_7735|Index Back Stand | Shaft-Support | 11-007-005-1
IMG_7735|Index Back Stand | Bracket-Upper | 11-007-006-1
IMG_7735|Index Back Stand | Bracket-Lower | 11-007-007-1
IMG_7735|Index Back Stand | Bracket-Clamp | 11-007-008-1
IMG_7735|Index Back Stand | Clamp | 11-007-009-1
IMG_7735|Index Back Stand | Bracket-Former Mounting-RH | 11-007-010-1
IMG_7735|Index Back Stand | Bracket-Former Mounting-LH | 11-007-011-1
IMG_7735|Index Back Stand | Wing-Adjustable Former-RH | 11-007-012-1
IMG_7735|Index Back Stand | Wing-Adjustable Former-LH | 11-007-013-1
IMG_7735|Index Back Stand | Plate-Former Mounting | 11-007-014-1
IMG_7735|Index Back Stand | Plate-Former Mounting | 11-007-015-1
IMG_7735|Index Back Stand | Plate-Former Mounting R.H. | 11-007-016-1
IMG_7735|Index Back Stand | Plate-Former Mounting L.H. | 11-007-017-1
IMG_7735|Index Back Stand | Shaft-Former Mounting | 11-007-018-1
IMG_7735|Index Back Stand | Shaft-Former Mounting | 11-007-019-1
IMG_7735|Index Back Stand | Bar-Former Mount | 11-007-020-1
IMG_7735|Index Back Stand | Bracket-Former Mounting | 11-007-021-1
IMG_7735|Index Back Stand | Bracket-Former Mounting | 11-007-022-1
IMG_7735|Index Back Stand | Plate-Mounting R.H. | 11-007-023-1
IMG_7735|Index Back Stand | Plate-Mounting L.H. | 11-007-024-1
IMG_7735|Index Back Stand | Block-Support | 11-007-025-1
IMG_7735|Index Back Stand | Shaft-Former Mounting | 11-007-026-1
IMG_7735|Index Back Stand | Plate-Control | 11-007-027-1
IMG_7735|Index Back Stand | Bar-Shaft Support | 11-007-028-1
IMG_7735|Index Back Stand | Shaft-Former Mounting | 11-007-029-1
IMG_7735|Index Back Stand | Bar-Former Mount | 11-007-030-1
IMG_7735|Index Back Stand | Bracket-Former Mounting | 11-007-031-1
IMG_7735|Index Back Stand | Plate-Former Mounting | 11-007-032-1
IMG_7735|Index Back Stand | Plate Mounting | 11-007-033-1
IMG_7735|Index Back Stand | Block-Support | 11-007-034-1
IMG_7735|Index Back Stand | Bar-Shaft Support | 11-007-035-1
IMG_7735|Index Back Stand | Shaft-Former Mounting | 11-007-036-1
IMG_7735|Index Back Stand | Bracket-Former Mounting | 11-007-037-1
IMG_7735|Index Back Stand | Plate-Former Mounting | 11-007-038-1
IMG_7735|Index Back Stand | Bar-Shaft Support | 11-007-039-1
IMG_7735|Index Back Stand | Shaft-Former Mounting | 11-007-040-1
IMG_7735|Index Back Stand | Plate-Former Mount | 11-007-041-1
IMG_7735|Index Back Stand | Bracket-Former Mtg | 11-007-042-1
IMG_7735|Index Back Stand | Plate-Former Mtg | 11-007-043-1
IMG_7735|Index Back Stand | Roller-Guide | 11-007-044-1
IMG_7735|Index Back Stand | Plate-Parent Roll Mount | 11-007-045-1
IMG_7735|Index Back Stand | Bar-Shaft Support | 11-007-046-1
IMG_7735|Index Back Stand | Bracket-Former Mounting | 11-007-047-1
IMG_7736|Category | Subcategory | Part Number/ID
IMG_7736|BAR-SHAFT SUPPORT | | 11-007-048-1
IMG_7736|BAR-SHAFT SUPPORT | | 11-007-048-2
IMG_7736|BAR-SHAFT SUPPORT | | 11-007-048-3
IMG_7736|BAR-SHAFT SUPPORT | | 11-007-048-4
IMG_7736|BAR-SHAFT SUPPORT | | 11-007-048-5
IMG_7736|BAR-SHAFT SUPPORT | | 11-007-048-6
IMG_7736|BAR-SHAFT SUPPORT | | 11-007-048-7
IMG_7736|BAR-SHAFT SUPPORT | | 11-007-048-8
IMG_7736|BAR-SHAFT SUPPORT | | 11-007-048-9
IMG_7736|BAR-SHAFT SUPPORT | | 11-007-048-10
IMG_7736|BAR-SHAFT SUPPORT | | 11-007-048-11
IMG_7736|BAR-SHAFT SUPPORT | | 11-007-048-12
IMG_7736|BAR-SHAFT SUPPORT | | 11-007-048-13
IMG_7736|BAR-SHAFT SUPPORT | | 11-007-048-14
IMG_7736|BAR-SHAFT SUPPORT | | 11-007-048-15
IMG_7736|BAR-SHAFT SUPPORT | | 11-007-048-16
IMG_7736|BAR-SHAFT SUPPORT | | 11-007-048-17
IMG_7736|BAR-SHAFT SUPPORT | | 11-007-048-18
IMG_7736|BAR-SHAFT SUPPORT | | 11-007-048-19
IMG_7736|BAR-SHAFT SUPPORT | | 11-007-048-20
IMG_7737|Category | Subcategory | Part Number/ID
IMG_7737|Index | Receiving Conveyor - Nose | 11-009-000
IMG_7737|Index | Bracket - Nose | 11-009-001-3
IMG_7737|Index | Support | 11-009-002-1
IMG_7737|Index | Cross Plate - Nose | 11-009-003-1
IMG_7737|Index | Plate - Nose Bracket | 11-009-004-1
IMG_7737|Index | Side Plate - Nose | 11-009-005-1
IMG_7737|Index | Plate - Adjusting Screw | 11-009-006-1
IMG_7737|Index | Bar - Rider - Nose | 11-009-007-1
IMG_7737|Index | Support - Rider Bar | 11-009-008-1
IMG_7737|Index | Support - Nose Plate | 11-009-009-1
IMG_7737|Index | Top Plate - Nose | 11-009-010-1
IMG_7737|Index | Support - Top Plate Extension | 11-009-011-1
IMG_7737|Index | Sprocket - Nose | 11-009-012-1
IMG_7737|Index | Washer - Sprocket | 11-009-013-1
IMG_7737|Index | Shaft - Nose (2000 Mach.) | 11-009-014-1
IMG_7737|Index | Extension - Top Plate - Front | 11-009-015-1
IMG_7737|Index | Extension - Top Plate - Rear | 11-009-016-1
IMG_7737|Index | Bracket - Chain Take Up | 11-009-017-1
IMG_7737|Index | Spacer | 11-009-018-1
IMG_7737|Index | Nose Side Cover - Front | 11-009-019-1
IMG_7737|Index | Nose Side Cover - Back | 11-009-020-1
IMG_7737|Index | Support - Front Side Cover | 11-009-021-1
IMG_7737|Index | Corner Cover | 11-009-022-1
IMG_7737|Index | Shaft - Nose | 11-009-023-1
IMG_7737|Index | Spacer - Nose Brkt Plate | 11-009-024-1
IMG_7737|Index | Sprocket - Nose (Hub Relief) | 11-009-025-1
IMG_7737|Index | Shaft - Nose (2500 Mach) | 11-009-026-1
IMG_7737|Index | Screw - Adjusting | 11-009-027-1
IMG_7737|Index | Spacer - Nose Bracket Plate | 11-009-028-1
IMG_7737|Index | Side Plate - Pusher | 11-009-029-1
IMG_7737|Index | Cam | 11-009-030-1
IMG_7737|Index | Paddle | 11-009-031-1
IMG_7737|Index | Side Plate - Pusher (Stamping) | 11-009-032-1
IMG_7737|Index | Cam | 11-009-033-1
IMG_7737|Index | Bracket - Nose - L.H. | 11-009-034-3
IMG_7737|Index | Paddle | 11-009-035-1
IMG_7737|Index | Side Plate - Pusher | 11-009-036-1
IMG_7737|Index | Block - Stop | 11-009-037-1
IMG_7738|Category | Subcategory | Part Number/ID
IMG_7738|Index | Receiving Conveyor - Nose | 11-009-000
IMG_7738|Index | Paddle | 11-009-038-1
IMG_7738|Index | Cam | 11-009-039-1
IMG_7738|Index | Side Plate-Pusher | 11-009-040-1
IMG_7738|Index | Paddle | 11-009-041-1
IMG_7738|Index | Side Plate-Pusher | 11-009-042-1
IMG_7738|Index | Paddle | 11-009-043-1
IMG_7738|Index | Spacer-Top (Nose Brkt.) | 11-009-044-1
IMG_7738|Index | Spacer-Bottom (Nose Brkt.) | 11-009-045-1
IMG_7738|Index | Side Plate-Pusher (Alter. Stamping 11-009-032-1) | 11-009-046-1
IMG_7738|Index |" Bar-Pusher (Nose) (1"" Longer Than 11-009-007-1) "| 11-009-047-1
IMG_7738|Index | Bar-Upper Conv. Support | 11-009-048-1
IMG_7738|Index | Bar-Lower Conv. Support | 11-009-049-1
IMG_7738|Index | Spacer-Nose Bracket | 11-009-050-1
IMG_7738|Index | Holder-Print Head (Murrys-Use Stag Guide 11-001-138) | 11-009-051-1
IMG_7738|Index | Support-Nose Shaft-RH | 11-009-052-1
IMG_7738|Index | Support-Nose Shaft-LH | 11-009-053-1
IMG_7738|Index | Shaft-Nose | 11-009-054-1
IMG_7738|Index | Spacer-Nose Shaft Support | 11-009-055-1
IMG_7738|Index | Plate-Tie | 11-009-056-1
IMG_7738|Index | Shaft-Take Up | 11-009-057-1
IMG_7738|Index | Stud-Take Up | 11-009-058-1
IMG_7738|Index | Arm-Take Up (G8*2W6-4515) | 11-009-059-1
IMG_7739|Category | Subcategory | Part Number/ID
IMG_7739|Index | Receiving Conveyor-Tail | 11-010-000
IMG_7739|Index | Side Plate-Tail | 11-010-001-1
IMG_7739|Index | Tie-Rear | 11-010-002-1
IMG_7739|Index | Cross Brace-Conveyor | 11-010-003-1
IMG_7739|Index | Brace-Internal | 11-010-004-1
IMG_7739|Index | Spacer-Vertical | 11-010-005-1
IMG_7739|Index | Bar-Ridge-Tail | 11-010-006-1
IMG_7739|Index | Support | 11-010-007-1
IMG_7739|Index | Top Plate-Tail | 11-010-008-1
IMG_7739|Index | Top Plate-Rear | 11-010-009-1
IMG_7739|Index | Guard-Rear Pusher | 11-010-010-1
IMG_7739|Index | Plate-Tail Sprocket | 11-010-011-1
IMG_7739|Index | Shaft-Tail Sprocket | 11-010-012-1
IMG_7739|Index | Sprocket-Tail | 11-010-013-1
IMG_7739|Index | Sprocket | 11-010-014-1
IMG_7739|Index | Shaft-Take-Up Sprocket | 11-010-015-1
IMG_7739|Index | Arm-Idler | 11-010-016-1
IMG_7739|Index | Stud-Clamp | 11-010-017-1
IMG_7739|Index | Shaft-Pivot | 11-010-018-1
IMG_7739|Index | Bar-Idler Clamp | 11-010-019-1
IMG_7739|Index | Leg | 11-010-020-1
IMG_7739|Index | Leg | 11-010-021-1
IMG_7739|Index | Splice Plate | 11-010-022-1
IMG_7739|Index | Plate-Leg | 11-010-023-1
IMG_7739|Index | Spacer-Side Cover | 11-010-024-1
IMG_7739|Index | Foot-Adjustable | 11-010-025-1
IMG_7739|Index | Cover-Rear | 11-010-026-1
IMG_7739|Index | Cover-Side-Front | 11-010-027-1
IMG_7739|Index | Cover-Side-Back | 11-010-028-1
IMG_7739|Index | Cover-Side-Front | 11-010-029-1
IMG_7739|Index | Cover-Side-Back | 11-010-030-1
IMG_7739|Index | Cover-Side-R.H. | 11-010-031-1
IMG_7739|Index | Cover-Side-L.H. | 11-010-032-1
IMG_7739|Index | Cross Brace-Conveyor (Supersedes 003) | 11-010-033-1
IMG_7739|Index | Support-Top Plate | 11-010-034-1
IMG_7739|Index | Angle Brace | 11-010-035-1
IMG_7739|Index | Foot-Adjustable | 11-010-036-1
IMG_7739|Index | Guard-Rear Pusher (Railcar) | 11-010-037-1
IMG_7740|Category | Subcategory | Part Number/ID
IMG_7740|INDEX | RECEIVING CONV. TAIL | 11-010-000
IMG_7740|INDEX | FOOT- ADJUSTABLE | 11-010-038-1
IMG_7740|INDEX | SIDE COVER- FRONT (ALTER 11-010-029-1) | 11-010-039-1
IMG_7740|INDEX | SIDE COVER- BACK (ALTER 11-010-030-1) | 11-010-040-1
IMG_7741|Category | Subcategory | Part Number/ID
IMG_7741|INDEX |" RECEIVING CONVEYOR (30"" EXTENSION) "| 11-011-000
IMG_7741|INDEX | SIDE PLATE | 11-011-001-1
IMG_7741|INDEX | BAR RIDER | 11-011-002-1
IMG_7741|INDEX | SIDE COVER - R.H. | 11-011-003-1
IMG_7741|INDEX | SIDE COVER - L.H. | 11-011-004-1
IMG_7741|INDEX | TOP PLATE | 11-011-005-1
IMG_7742|Category | Subcategory | Part Number/ID
IMG_7742|INDEX |" RECEIVING CONVEYOR (60"" EXTENSION) "| 11-012-000
IMG_7742|INDEX | SIDE PLATE | 11-012-001-1
IMG_7742|INDEX | BAR RIDER | 11-012-002-1
IMG_7742|INDEX | SIDE COVER - R.H. | 11-012-003-1
IMG_7742|INDEX | SIDE COVER - L.H. | 11-012-004-1
IMG_7743|Category | Subcategory | Part Number/ID
IMG_7743|Electrical | | 11-013-000
IMG_7743|Electrical | Plate-Mounting (2500 - 4 Hole Cal 9000 Mounting) | 11-013-001-1
IMG_7743|Electrical | Plate-Mounting (2000 - 4 Hole Cal 9000 Mounting) | 11-013-002-1
IMG_7744|Category | Subcategory | Part Number/ID
IMG_7744|Guards & Covers | FIN SEAL GUARD | 11-014-001-1
IMG_7744|Guards & Covers | GUARD - DISCHARGE CONVEYOR (2500) | 11-014-002-1
IMG_7744|Guards & Covers | GUARD - DISCHARGE CONVEYOR (2500 S) | 11-014-003-1
IMG_7744|Guards & Covers | COVER - ELECTRICAL PANEL | 11-014-004-1
IMG_7744|Guards & Covers | GUARD - FIN WHEELS (2500) | 11-014-005-1
IMG_7744|Guards & Covers | GUARD - DISCHARGE CONV. (2500) | 11-014-006-1
IMG_7744|Guards & Covers | STRIP - CLAMPING (SIDE) | 11-014-007-1
IMG_7744|Guards & Covers | STRIP - CLAMPING (TOP) | 11-014-008-1
IMG_7744|Guards & Covers | DECAL - AMERIPAK (MODEL, SER, VOLTS, AMP, ETC) | 11-014-009-1
IMG_7744|Guards & Covers | BRACKET - HINGED COVER | 11-014-010-1
IMG_7744|Guards & Covers | SUPPORT - MAGNET | 11-014-011-1
IMG_7744|Guards & Covers | COVER - HINGED | 11-015-039-1
IMG_7744|Guards & Covers | HINGE | 11-015-040-1
IMG_7744|Guards & Covers | MAGNET | 1-098-002
IMG_7744|Guards & Covers | KNOB | 11-100-077-8
IMG_7744|Guards & Covers | GUARD - DISCHARGE | 11-014-012-1
IMG_7744|Guards & Covers | GUARD - DISCHARGE CONV. 3290 | 11-014-013-1
IMG_7744|Guards & Covers | BRACKET - GUARD | 11-014-014-1
IMG_7745|Category | Subcategory | Part Number/ID
IMG_7745|Vacuum Conveyor | Top Plate (superseded by 11-015-034-1) | 11-015-001-1
IMG_7745|Vacuum Conveyor | Top Plate Blank (superseded by 11-015-033-1) | 11-015-002-1
IMG_7745|Vacuum Conveyor | Spacer - Brg. | 11-015-003-1
IMG_7745|Vacuum Conveyor | Drive Roller | 11-015-004-1
IMG_7745|Vacuum Conveyor | Shaft - Drive Roller | 11-015-005-1
IMG_7745|Vacuum Conveyor |" Roller - 1½"" Dia. "| 11-015-006-1
IMG_7745|Vacuum Conveyor | Shaft | 11-015-007-1
IMG_7745|Vacuum Conveyor | Block - Pivot | 11-015-008-1
IMG_7745|Vacuum Conveyor | Block - Adjusting | 11-015-009-1
IMG_7745|Vacuum Conveyor | Shaft | 11-015-010-1
IMG_7745|Vacuum Conveyor | Block - Roller | 11-015-011-1
IMG_7745|Vacuum Conveyor |" Roller - 1"" Dia. "| 11-015-012-1
IMG_7745|Vacuum Conveyor | Shaft | 11-015-013-1
IMG_7745|Vacuum Conveyor | Bracket - Drive | 11-015-014-1
IMG_7745|Vacuum Conveyor | Shaft - Drive | 11-015-015-1
IMG_7745|Vacuum Conveyor | Spacer | 11-015-016-1
IMG_7745|Vacuum Conveyor | Plate - Bottom | 11-015-017-1
IMG_7745|Vacuum Conveyor | Bar - Side | 11-015-018-1
IMG_7745|Vacuum Conveyor | Plate - Front | 11-015-019-1
IMG_7745|Vacuum Conveyor | Plate - Rear | 11-015-020-1
IMG_7745|Vacuum Conveyor | Bar - Front | 11-015-021-1
IMG_7745|Vacuum Conveyor | Bar - Rear | 11-015-022-1
IMG_7745|Vacuum Conveyor | Strip | 11-015-023-1
IMG_7745|Vacuum Conveyor | Clamp | 11-015-024-1
IMG_7745|Vacuum Conveyor | Baffle - Vacuum Chamber | 11-015-025-1
IMG_7745|Vacuum Conveyor | Duct - Vacuum | 11-015-026-3
IMG_7745|Vacuum Conveyor | Chamber - Vacuum | 11-015-027-3
IMG_7745|Vacuum Conveyor | Angle | 11-015-028-1
IMG_7745|Vacuum Conveyor | Bracket - Vacuum Conveyor - Weldment | 11-015-029-4
IMG_7745|Vacuum Conveyor | Nipple | 11-015-030-1
IMG_7745|Vacuum Conveyor | Strap - Compressor Mtg. | 11-015-031-1
IMG_7745|Vacuum Conveyor | Angle - Compressor Mtg. | 11-015-032-1
IMG_7745|Vacuum Conveyor | Top Plate - Blank (superseded by 11-015-042-1) | 11-015-033-1
IMG_7745|Vacuum Conveyor | Top Plate | 11-015-034-1
IMG_7745|Vacuum Conveyor | Cover - Front | 11-015-035-1
IMG_7745|Vacuum Conveyor | Cover - Side | 11-015-036-1
IMG_7745|Vacuum Conveyor | Cover - Bottom | 11-015-037-1
IMG_7745|Vacuum Conveyor | Cover - Rear | 11-015-038-1
IMG_7745|Vacuum Conveyor | Cover - Hinged | 11-015-039-1
IMG_7746|Category | Subcategory | Part Number/ID
IMG_7746|Vacuum Conveyor | | 11-015-000
IMG_7746|Vacuum Conveyor | Hinge | 11-015-040-1
IMG_7746|Vacuum Conveyor | Plate - Magnet | 11-015-041-1
IMG_7746|Vacuum Conveyor | Top Plate - Blank | 11-015-042-1
IMG_7746|Vacuum Conveyor | Spacer - Brg | 11-015-043-1
IMG_7746|Vacuum Conveyor | Drive Roller | 11-015-044-1
IMG_7746|Vacuum Conveyor | Shaft - Drive Roller | 11-015-045-1
IMG_7746|Vacuum Conveyor | Roller | 11-015-046-1
IMG_7746|Vacuum Conveyor | Shaft | 11-015-047-1
IMG_7746|Vacuum Conveyor | Block - Pivot | 11-015-048-1
IMG_7746|Vacuum Conveyor | Block - Adjusting | 11-015-049-1
IMG_7746|Vacuum Conveyor | Shaft | 11-015-050-1
IMG_7746|Vacuum Conveyor |" Roller (1"" Dia.) "| 11-015-051-1
IMG_7746|Vacuum Conveyor | Shaft | 11-015-052-1
IMG_7746|Vacuum Conveyor | Bracket - Drive | 11-015-053-1
IMG_7746|Vacuum Conveyor | Shaft - Drive | 11-015-054-1
IMG_7746|Vacuum Conveyor | Nipple | 11-015-055-1
IMG_7746|Vacuum Conveyor | Bracket - Compressor Mtg. | 11-015-056-1
IMG_7746|Vacuum Conveyor | Plate - Magnet | 11-015-057-1
IMG_7746|Vacuum Conveyor | Sprocket (40 BS 12- 5/8) | 11-015-058-1
IMG_7746|Vacuum Conveyor | Sprocket (40 BS 24- 5/8) | 11-015-059-1
IMG_7746|Vacuum Conveyor | Bearing Hub | 11-015-060-1
IMG_7746|Vacuum Conveyor | Shaft - Jack | 11-015-061-1
IMG_7746|Vacuum Conveyor | Spacer - Idler Plate | 11-015-062-1
IMG_7746|Vacuum Conveyor | Spacer | 11-015-063-1
IMG_7746|Vacuum Conveyor | Plate - Idler Mounting | 11-015-064-1
IMG_7746|Vacuum Conveyor | Sprocket | 11-015-065-1
IMG_7746|Vacuum Conveyor | Cover - Side Frame | 11-015-066-2
IMG_7746|Vacuum Conveyor | Cover | 11-015-067-2
IMG_7746|Vacuum Conveyor | Bearing - Hub | 11-015-068-1
IMG_7746|Vacuum Conveyor | Shaft - Jack | 11-015-069-1
IMG_7746|Vacuum Conveyor | Plate + Brg. Hub | 11-015-070-1
IMG_7746|Vacuum Conveyor | Bar - Tachometer Support | 11-015-071-1
IMG_7746|Vacuum Conveyor | Flexible Coupling | 11-015-072-1
IMG_7746|Vacuum Conveyor | Block - Roller | 11-015-073-1
IMG_7746|Vacuum Conveyor | Shaft - Drive Roller | 11-015-074-1
IMG_7746|Vacuum Conveyor | Spacer | 11-015-075-1
IMG_7747|Category | Subcategory | Part Number/ID
IMG_7747|BEAD END SEAL/CUT OFF UNIT | Block - Insulating | 11-016-001-1
IMG_7747|BEAD END SEAL/CUT OFF UNIT | Rod - Clamp | 11-016-002-1
IMG_7747|BEAD END SEAL/CUT OFF UNIT | Strip - Rubber | 11-016-003-1
IMG_7747|BEAD END SEAL/CUT OFF UNIT | Bar - Rubber | 11-016-004-1
IMG_7747|BEAD END SEAL/CUT OFF UNIT | Knife - Blank | 11-016-005-1
IMG_7747|BEAD END SEAL/CUT OFF UNIT | Knife | 11-016-006-1
IMG_7747|BEAD END SEAL/CUT OFF UNIT | Spacer - Block - Top | 11-016-007-1
IMG_7747|BEAD END SEAL/CUT OFF UNIT | Spacer - Platen - Bottom | 11-016-008-1
IMG_7747|BEAD END SEAL/CUT OFF UNIT | Block - Clamp | 11-016-009-1
IMG_7747|BEAD END SEAL/CUT OFF UNIT | Shaft - End Seal (Upper) | 11-016-010-1
IMG_7747|BEAD END SEAL/CUT OFF UNIT | Shaft - End Seal (Lower) | 11-016-011-1
IMG_7747|BEAD END SEAL/CUT OFF UNIT | Platen | 11-016-012-1
IMG_7747|BEAD END SEAL/CUT OFF UNIT | Clamp | 11-016-013-1
IMG_7747|BEAD END SEAL/CUT OFF UNIT | Strip | 11-016-014-1
IMG_7747|BEAD END SEAL/CUT OFF UNIT | Tape | 11-016-015-1
IMG_7747|BEAD END SEAL/CUT OFF UNIT | Cover - Wire | 11-016-016-1
IMG_7747|BEAD END SEAL/CUT OFF UNIT | Block - Insulating (Alternate Design) | 11-016-017-1
IMG_7747|BEAD END SEAL/CUT OFF UNIT | Spacer - Top (Alternate Design) | 11-016-018-1
IMG_7747|BEAD END SEAL/CUT OFF UNIT | Rod - Clamp | 11-016-019-1
IMG_7747|BEAD END SEAL/CUT OFF UNIT | Knife | 11-016-020-1
IMG_7747|BEAD END SEAL/CUT OFF UNIT | Spacer - Top | 11-016-021-1
IMG_7747|BEAD END SEAL/CUT OFF UNIT | Spacer - Bottom | 11-016-022-1
IMG_7747|BEAD END SEAL/CUT OFF UNIT | Platen | 11-016-023-1
IMG_7747|BEAD END SEAL/CUT OFF UNIT | Block - Insulating | 11-016-024-1
IMG_7747|BEAD END SEAL/CUT OFF UNIT | Spacer - Top | 11-016-025-1
IMG_7747|BEAD END SEAL/CUT OFF UNIT | Block Clamp | 11-016-026-1
IMG_7747|BEAD END SEAL/CUT OFF UNIT | Platen - Modified | 11-016-027-1
IMG_7747|BEAD END SEAL/CUT OFF UNIT | Strip Rubber | 11-016-028-1
IMG_7747|BEAD END SEAL/CUT OFF UNIT | Spacer - 170mm Head | 11-016-029-1
IMG_7747|BEAD END SEAL/CUT OFF UNIT | Cover - Wire Terminal | 11-016-030-1
IMG_7747|BEAD END SEAL/CUT OFF UNIT | Shield - Crimper Head | 11-016-031-1
IMG_7747|BEAD END SEAL/CUT OFF UNIT | Shield - Crimper Head (Lower) | 11-016-032-1
IMG_7747|BEAD END SEAL/CUT OFF UNIT | Grease Fitting (Alteration) | 11-016-033-1
IMG_7747|BEAD END SEAL/CUT OFF UNIT | Shield - Crimper Head | 11-016-034-1
IMG_7747|BEAD END SEAL/CUT OFF UNIT | Block - Clamp (190 mm) | 11-016-035-1
IMG_7747|BEAD END SEAL/CUT OFF UNIT | Spacer | 11-016-036-1
IMG_7747|BEAD END SEAL/CUT OFF UNIT | Block - Insulating - Modified | 11-016-037-1
IMG_7747|BEAD END SEAL/CUT OFF UNIT | Shaft - Upper - Modified | 11-016-038-1
IMG_7747|BEAD END SEAL/CUT OFF UNIT | Shaft - Lower - Modified | 11-016-039-1
IMG_7747|BEAD END SEAL/CUT OFF UNIT | Spacer | 11-016-040-1
IMG_7747|BEAD END SEAL/CUT OFF UNIT | Knife - 120 mm | 11-016-041-1
IMG_7747|BEAD END SEAL/CUT OFF UNIT | Platen - 120 mm | 11-016-042-1
IMG_7747|BEAD END SEAL/CUT OFF UNIT | Block - Clamp - 120 mm | 11-016-043-1
IMG_7747|BEAD END SEAL/CUT OFF UNIT | Shoulder Screw - Modified | 11-016-044-1
IMG_7747|BEAD END SEAL/CUT OFF UNIT | Block - Insulating - Modified | 11-016-045-1
IMG_7747|BEAD END SEAL/CUT OFF UNIT | Block - Insulating - Modified | 11-016-046-1
IMG_7747|BEAD END SEAL/CUT OFF UNIT | Shaft - Drive (CDS) | 11-016-047-4
IMG_7747|BEAD END SEAL/CUT OFF UNIT | Shaft - Driven (CDS) | 11-016-048-4
IMG_7748|Category | Subcategory | Part Number/ID
IMG_7748|BEAD END SEAL/CUT OFF UNIT | SHAFT DRIVE (STAIN STL.) | 11-016-049-4
IMG_7748|BEAD END SEAL/CUT OFF UNIT | SHAFT DRIVEN (STAIN STL.) | 11-016-050-4
IMG_7748|BEAD END SEAL/CUT OFF UNIT | KNIFE (PLANTER/L.E. FOR ALLEN FILM | 11-016-051-1
IMG_7748|BEAD END SEAL/CUT OFF UNIT | BLOCK-INSULATING-RH (STERLING DRIVE) | 11-016-052-1
IMG_7748|BEAD END SEAL/CUT OFF UNIT | BLOCK-INSULATING-LH | 11-016-053-1
IMG_7748|BEAD END SEAL/CUT OFF UNIT | BLOCK-INSULATING-CENTER | 11-016-054-1
IMG_7748|BEAD END SEAL/CUT OFF UNIT | BLOCK CLAMP (140) S.S. | 11-016-055-1
IMG_7749|Category | Subcategory | Part Number/ID
IMG_7749|Electrostatic Lap Sealer | | 11-017-000
IMG_7749|Electrostatic Lap Sealer | Bar - Support | 11-017-001-1
IMG_7749|Electrostatic Lap Sealer | Rod - Insulator | 11-017-002-1
IMG_7749|Electrostatic Lap Sealer | Block - Plate Support | 11-017-003-1
IMG_7749|Electrostatic Lap Sealer | Plate - Lap Seal (L.H. Mach.) | 11-017-004-1
IMG_7749|Electrostatic Lap Sealer | Pin Static | 11-017-005-1
IMG_7749|Electrostatic Lap Sealer | Shield - Insulator | 11-017-006-1
IMG_7749|Electrostatic Lap Sealer | Plate - Lap Seal - (R.H. Mach.) | 11-017-007-1
IMG_7749|Electrostatic Lap Sealer | Plate - Lap Seal (R.H. Mach.) | 11-017-008-1
IMG_7749|Electrostatic Lap Sealer | Plate - Lap Seal (L.H. Mach.) | 11-017-009-1
IMG_7750|Category | Subcategory | Part Number/ID
IMG_7750|Hole Punch | Plate - Outside | 11-018-001-1
IMG_7750|Hole Punch | Plate - Inside | 11-018-002-1
IMG_7750|Hole Punch | Rod - Tie | 11-018-003-1
IMG_7750|Hole Punch | Plate - Mounting | 11-018-004-1
IMG_7750|Hole Punch | Bar - Tie | 11-018-005-1
IMG_7750|Hole Punch | Arm - Pivot | 11-018-006-1
IMG_7750|Hole Punch | Bar - Tie (Long) | 11-018-007-1
IMG_7750|Hole Punch | Shaft | 11-018-008-1
IMG_7750|Hole Punch | Disc - Heater | 11-018-009-1
IMG_7750|Hole Punch | Wheel - Grooved | 11-018-010-1
IMG_7750|Hole Punch | Spring Anchor | 11-018-011-1
IMG_7750|Hole Punch | Spring Anchor | 11-018-012-1
IMG_7750|Hole Punch | Strip - Spring Anchor | 11-018-013-1
IMG_7750|Hole Punch | Insulator | 11-018-014-1
IMG_7750|Hole Punch | Rod - Heater | 11-018-015-1
IMG_7750|Hole Punch | Spacer | 11-018-016-1
IMG_7750|Hole Punch | Cover - Slip Ring | 11-018-017-1
IMG_7750|Hole Punch | Roller (Alter FFA Roller) | 11-018-018-1
IMG_7750|Hole Punch | Latch | 11-018-019-1
IMG_7750|Hole Punch | Spacer | 11-018-020-1
IMG_7750|Hole Punch | Roller - Hole Punch | 11-018-021-1
IMG_7750|Hole Punch | Punch | 11-018-022-1
IMG_7750|Hole Punch | Shaft | 11-018-023-1
IMG_7750|Hole Punch | Spring Anchor | 11-018-024-1
IMG_7750|Hole Punch | Spring Anchor - Short | 11-018-025-1
IMG_7750|Hole Punch | Cover - Slip Ring | 11-018-026-1
IMG_7750|Hole Punch | Roller - Hole Punch | 11-018-027-1
IMG_7750|Hole Punch | Plate - Outside | 11-018-028-2
IMG_7750|Hole Punch | Plate - Inside | 11-018-029-2
IMG_7750|Hole Punch | Rod - Tie | 11-018-030-1
IMG_7750|Hole Punch | Plate - Mounting | 11-018-031-1
IMG_7750|Hole Punch | Bar - Tie | 11-018-032-1
IMG_7750|Hole Punch | Bar - Tie (Long) | 11-018-033-1
IMG_7750|Hole Punch | Roller Assembly | 11-018-034-1
IMG_7750|Hole Punch | Shaft - Roller | 11-018-035-1
IMG_7750|Hole Punch | Roller | 11-018-036-1
IMG_7750|Hole Punch | Shaft | 11-018-037-1
IMG_7750|Hole Punch | Roller - Hole Punch | 11-018-038-1
IMG_7750|Hole Punch | Disc - Heater | 11-018-039-1
IMG_7750|Hole Punch | Rod - Heater | 11-018-040-1
IMG_7751|Category | Subcategory | Part Number/ID
IMG_7751|Power Unwind Roller | Plate- Proximity Sensor | 11-019-001-1
IMG_7751|Power Unwind Roller | Block- Counterweight | 11-019-002-1
IMG_7751|Power Unwind Roller | Shaft- Counterweight | 11-019-003-1
IMG_7751|Power Unwind Roller | Plate- Support | 11-019-004-1
IMG_7751|Power Unwind Roller | Spacer | 11-019-005-1
IMG_7751|Power Unwind Roller | Bar- Roller Support | 11-019-006-1
IMG_7751|Power Unwind Roller | Plate- Roller Spacer | 11-019-007-1
IMG_7751|Power Unwind Roller | Roller Assembly | 11-019-008-1
IMG_7751|Power Unwind Roller | Roller | 11-019-009-1
IMG_7751|Power Unwind Roller | Shaft- Roller | 11-019-010-1
IMG_7751|Power Unwind Roller | Plate- Spring Anchor | 11-019-011-1
IMG_7751|Power Unwind Roller | Block- Counter Weight | 11-019-012-1
IMG_7751|Power Unwind Roller | Shaft- Counter Weight | 11-019-013-1
IMG_7751|Power Unwind Roller | Shaft- Roller | 11-019-014-1
IMG_7751|Power Unwind Roller | Base- PFR Motor Guard | 11-019-015-2
IMG_7751|Power Unwind Roller | PFR Motor Guard | 11-019-016-2
IMG_7751|Power Unwind Roller | Arm- Support | 11-019-017-1
IMG_7751|Power Unwind Roller | Clamp Bearing | 11-019-018-1
IMG_7751|Power Unwind Roller | Washer- Bearing | 11-019-019-1
IMG_7751|Power Unwind Roller | Angle- Tachometer | 11-019-020-1
IMG_7751|Power Unwind Roller | Plate- Tachometer | 11-019-021-1
IMG_7751|Power Unwind Roller | Washer- Spacer | 11-019-022-1
IMG_7751|Power Unwind Roller | Bushing- Pulley | 11-019-023-1
IMG_7751|Power Unwind Roller | Plate- Proximity Sensor | 11-019-024-1
IMG_7751|Power Unwind Roller | Shaft- Counterweight | 11-019-025-1
IMG_7751|Power Unwind Roller | Plate- Support | 11-019-026-1
IMG_7751|Power Unwind Roller | Spacer | 11-019-027-1
IMG_7751|Power Unwind Roller | Bar- Roller Support (Front) | 11-019-028-1
IMG_7751|Power Unwind Roller | Bar- Roller Support | 11-019-029-1
IMG_7751|Power Unwind Roller | Brace | 11-019-030-1
IMG_7751|Power Unwind Roller | Brace (STD Mach.) | 11-019-031-1
IMG_7751|Power Unwind Roller | Spacer | 11-019-032-1
IMG_7751|Power Unwind Roller | Roller Assembly (Stain. Stl. Mach) | 11-019-033-1
IMG_7751|Power Unwind Roller | Base- PFR Motor Guard | 11-019-034-2
IMG_7751|Power Unwind Roller | Guard- PFR Motor | 11-019-035-2
IMG_7752|Category | Subcategory | Part Number/ID
IMG_7752|Electrical Controls for Shrink Poly Wrapper | Electrical Controls for Shrink Poly Wrapper | 11-020-000
IMG_7752|Electrical Controls for Shrink Poly Wrapper | Bracket | 11-020-001-1
IMG_7753|Category | Subcategory | Part Number/ID
IMG_7753|RECEIVING CONVEYOR- INVERTED MACH. | | 11-021-000
IMG_7753|RECEIVING CONVEYOR- INVERTED MACH. | BRACKET-NOSE | 11-021-001-2
IMG_7753|RECEIVING CONVEYOR- INVERTED MACH. | PLATE-BASE | 11-021-002-1
IMG_7753|RECEIVING CONVEYOR- INVERTED MACH. | PLATE-OUTSIDE | 11-021-003-1
IMG_7753|RECEIVING CONVEYOR- INVERTED MACH. | PLATE-SUPPORT-LONG | 11-021-004-1
IMG_7753|RECEIVING CONVEYOR- INVERTED MACH. | PLATE-SUPPORT-SHORT | 11-021-005-1
IMG_7753|RECEIVING CONVEYOR- INVERTED MACH. | PLATE-SPACER | 11-021-006-1
IMG_7753|RECEIVING CONVEYOR- INVERTED MACH. | PLATE-ADAPTER | 11-021-007-1
IMG_7753|RECEIVING CONVEYOR- INVERTED MACH. | SHAFT-NOSE | 11-021-008-1
IMG_7753|RECEIVING CONVEYOR- INVERTED MACH. | SIDE PLATE-NOSE | 11-021-009-1
IMG_7753|RECEIVING CONVEYOR- INVERTED MACH. | CROSS PLATE-NOSE | 11-021-010-1
IMG_7753|RECEIVING CONVEYOR- INVERTED MACH. | SPACER-PLATE ADJ. | 11-021-011-1
IMG_7753|RECEIVING CONVEYOR- INVERTED MACH. | TOP PLATE-NOSE-R.H. | 11-021-012-1
IMG_7753|RECEIVING CONVEYOR- INVERTED MACH. | TOP PLATE-NOSE-L.H. | 11-021-013-1
IMG_7753|RECEIVING CONVEYOR- INVERTED MACH. | BAR RIDER-NOSE | 11-021-014-1
IMG_7753|RECEIVING CONVEYOR- INVERTED MACH. | SUPPORT-BAR RIDER-NOSE | 11-021-015-1
IMG_7753|RECEIVING CONVEYOR- INVERTED MACH. | GUIDE-CHAIN | 11-021-016-1
IMG_7753|RECEIVING CONVEYOR- INVERTED MACH. | BRACKET-TROUGH | 11-021-017-1
IMG_7753|RECEIVING CONVEYOR- INVERTED MACH. | PLATE-TAKE UP | 11-021-018-1
IMG_7753|RECEIVING CONVEYOR- INVERTED MACH. | TIE PLATE-TAKE UP | 11-021-019-1
IMG_7753|RECEIVING CONVEYOR- INVERTED MACH. | SHAFT-TAIL SPROCKET | 11-021-020-1
IMG_7753|RECEIVING CONVEYOR- INVERTED MACH. | ROD-TAKE UP | 11-021-021-1
IMG_7753|RECEIVING CONVEYOR- INVERTED MACH. | BAR RIDER-TAIL R.H. | 11-021-022-1
IMG_7753|RECEIVING CONVEYOR- INVERTED MACH. | BAR RIDER-TAIL L.H. | 11-021-023-1
IMG_7753|RECEIVING CONVEYOR- INVERTED MACH. | COVER-NOSE R.H. | 11-021-024-1
IMG_7753|RECEIVING CONVEYOR- INVERTED MACH. | COVER-NOSE L.H. | 11-021-025-1
IMG_7753|RECEIVING CONVEYOR- INVERTED MACH. | COVER-NOSE-TOP | 11-021-026-1
IMG_7753|RECEIVING CONVEYOR- INVERTED MACH. | COVER-TOP | 11-021-027-1
IMG_7753|RECEIVING CONVEYOR- INVERTED MACH. | COVER-END | 11-021-028-1
IMG_7753|RECEIVING CONVEYOR- INVERTED MACH. | COVER-SIDE-R.H | 11-021-029-1
IMG_7753|RECEIVING CONVEYOR- INVERTED MACH. | COVER-SIDE-L.H. | 11-021-030-1
IMG_7753|RECEIVING CONVEYOR- INVERTED MACH. | SIDE PLATE (5FT) | 11-021-031-1
IMG_7753|RECEIVING CONVEYOR- INVERTED MACH. | SIDE PLATE (10FT) | 11-021-032-1
IMG_7753|RECEIVING CONVEYOR- INVERTED MACH. | PLATE SPLICE | 11-021-033-1
IMG_7753|RECEIVING CONVEYOR- INVERTED MACH. | CROSS BRACE | 11-021-034-1
IMG_7753|RECEIVING CONVEYOR- INVERTED MACH. | LEG | 11-021-035-1
IMG_7753|RECEIVING CONVEYOR- INVERTED MACH. | PLATE | 11-021-036-1
IMG_7753|RECEIVING CONVEYOR- INVERTED MACH. | TUBE LEG | 11-021-037-1
IMG_7753|RECEIVING CONVEYOR- INVERTED MACH. | BRACE-ANGLE | 11-021-038-1
IMG_7753|RECEIVING CONVEYOR- INVERTED MACH. | BAR RIDER-CENTER | 11-021-039-1
IMG_7754|Category | Subcategory | Part Number/ID
IMG_7754|RECEIVING CONVEYOR- INVERTED MACH. | | 11-021-000
IMG_7754|RECEIVING CONVEYOR- INVERTED MACH. | SUPPORT- BAR RIDER | 11-021-040-1
IMG_7754|RECEIVING CONVEYOR- INVERTED MACH. | TROUGH- CONV CHAIN | 11-021-041-1
IMG_7754|RECEIVING CONVEYOR- INVERTED MACH. | TROUGH- CONV CHAIN | 11-021-042-1
IMG_7754|RECEIVING CONVEYOR- INVERTED MACH. | TROUGH- CONV. CHAIN | 11-021-043-1
IMG_7754|RECEIVING CONVEYOR- INVERTED MACH. | DISC- PUSHER LIFT | 11-021-044-1
IMG_7754|RECEIVING CONVEYOR- INVERTED MACH. | TOP PLATE- TAKE UP R.H. | 11-021-045-1
IMG_7754|RECEIVING CONVEYOR- INVERTED MACH. | TOP PLATE- TAKE UP L.H. | 11-021-046-1
IMG_7754|RECEIVING CONVEYOR- INVERTED MACH. | SPACER- BAR RIDER | 11-021-047-1
IMG_7754|RECEIVING CONVEYOR- INVERTED MACH. | BAR RIDER- TAKE UP | 11-021-048-1
IMG_7754|RECEIVING CONVEYOR- INVERTED MACH. | BRACKET- FLAPPER | 11-021-049-1
IMG_7754|RECEIVING CONVEYOR- INVERTED MACH. | FLAPPER | 11-021-050-1
IMG_7754|RECEIVING CONVEYOR- INVERTED MACH. | SHAFT- TAIL | 11-021-051-1
IMG_7754|RECEIVING CONVEYOR- INVERTED MACH. | PLATE- TAIL SHAFT MTG | 11-021-052-1
IMG_7754|RECEIVING CONVEYOR- INVERTED MACH. | CAM- PUSHER | 11-021-053-1
IMG_7754|RECEIVING CONVEYOR- INVERTED MACH. | BRACKET- CAM SUPPORT | 11-021-054-1
IMG_7754|RECEIVING CONVEYOR- INVERTED MACH. | SPROCKET- NOSE | 11-021-055-1
IMG_7754|RECEIVING CONVEYOR- INVERTED MACH. | SUPPORT- MODIFIED | 11-021-056-1
IMG_7754|RECEIVING CONVEYOR- INVERTED MACH. | SPACER- BAR RIDER | 11-021-057-1
IMG_7754|RECEIVING CONVEYOR- INVERTED MACH. | SPACER- VERTICAL | 11-021-058-1
IMG_7754|RECEIVING CONVEYOR- INVERTED MACH. | PLATE- TAIL SHAFT MTG | 11-021-059-1
IMG_7754|RECEIVING CONVEYOR- INVERTED MACH. | BRACKET- BRUSH SUPPORT | 11-021-060-1
IMG_7754|RECEIVING CONVEYOR- INVERTED MACH. | BAR- BRUSH SUPPORT | 11-021-061-1
IMG_7754|RECEIVING CONVEYOR- INVERTED MACH. | BRUSH | 11-021-062-1
IMG_7755|Category | Subcategory | Part Number/ID
IMG_7755|RECEIVING CONVEYOR WITH TAIL SPROCKET TAKE UP | | 11-022-000
IMG_7755|RECEIVING CONVEYOR WITH TAIL SPROCKET TAKE UP | CAM PUSHER | 11-022-001-1
IMG_7755|RECEIVING CONVEYOR WITH TAIL SPROCKET TAKE UP | SUPPORT-BRACKET | 11-022-002-1
IMG_7755|RECEIVING CONVEYOR WITH TAIL SPROCKET TAKE UP | SPACER | 11-022-003-1
IMG_7755|RECEIVING CONVEYOR WITH TAIL SPROCKET TAKE UP | PLATE-SUPPORT | 11-022-004-1
IMG_7755|RECEIVING CONVEYOR WITH TAIL SPROCKET TAKE UP | NOSE PLATE MODIFICATION | 11-022-005-3
IMG_7756|Category | Subcategory | Part Number/ID
IMG_7756|RECEIVING CONVEYOR - 5 FT STANDARD & MULTI PITCH | | 11-023-000
IMG_7756|RECEIVING CONVEYOR - 5 FT STANDARD & MULTI PITCH | SIDE PLATE | 11-023-001-1
IMG_7756|RECEIVING CONVEYOR - 5 FT STANDARD & MULTI PITCH | PLATE-TAKE UP | 11-023-002-1
IMG_7756|RECEIVING CONVEYOR - 5 FT STANDARD & MULTI PITCH | CROSS PLATE-NOSE | 11-023-003-1
IMG_7756|RECEIVING CONVEYOR - 5 FT STANDARD & MULTI PITCH | CROSS BRACE | 11-023-004-1
IMG_7756|RECEIVING CONVEYOR - 5 FT STANDARD & MULTI PITCH | TIE PLATE-TAKE UP | 11-023-005-1
IMG_7756|RECEIVING CONVEYOR - 5 FT STANDARD & MULTI PITCH | CROSS BRACE-NOSE | 11-023-006-1
IMG_7756|RECEIVING CONVEYOR - 5 FT STANDARD & MULTI PITCH | SUPPORT-TOP PLATE-TAIL | 11-023-007-1
IMG_7756|RECEIVING CONVEYOR - 5 FT STANDARD & MULTI PITCH | SUPPORT-NOSE PLATE | 11-023-008-1
IMG_7756|RECEIVING CONVEYOR - 5 FT STANDARD & MULTI PITCH | PLATE-RETAINER | 11-023-009-1
IMG_7756|RECEIVING CONVEYOR - 5 FT STANDARD & MULTI PITCH | NUT-NOSE PLATE | 11-023-010-1
IMG_7756|RECEIVING CONVEYOR - 5 FT STANDARD & MULTI PITCH | SUPPORT BLOCK TOP PLATE | 11-023-011-1
IMG_7756|RECEIVING CONVEYOR - 5 FT STANDARD & MULTI PITCH | RETAINER PLATE-TOP PLATE | 11-023-012-1
IMG_7756|RECEIVING CONVEYOR - 5 FT STANDARD & MULTI PITCH | TOP PLATE-NOSE | 11-023-013-1
IMG_7756|RECEIVING CONVEYOR - 5 FT STANDARD & MULTI PITCH | TOP PLATE-REAR | 11-023-014-1
IMG_7756|RECEIVING CONVEYOR - 5 FT STANDARD & MULTI PITCH | LEG (BLANK-11-023-100-1) | 11-023-015-1
IMG_7756|RECEIVING CONVEYOR - 5 FT STANDARD & MULTI PITCH | PLATE-LEG MOUNTING | 11-023-016-1
IMG_7756|RECEIVING CONVEYOR - 5 FT STANDARD & MULTI PITCH | TIE BAR-LEG | 11-023-017-1
IMG_7756|RECEIVING CONVEYOR - 5 FT STANDARD & MULTI PITCH | SPROCKET-TAIL | 11-023-018-1
IMG_7756|RECEIVING CONVEYOR - 5 FT STANDARD & MULTI PITCH | HUB-TAKE UP SHAFT | 11-023-019-1
IMG_7756|RECEIVING CONVEYOR - 5 FT STANDARD & MULTI PITCH | SHAFT-TAKE UP | 11-023-020-1
IMG_7756|RECEIVING CONVEYOR - 5 FT STANDARD & MULTI PITCH | COLLAR-SPROCKET | 11-023-021-1
IMG_7756|RECEIVING CONVEYOR - 5 FT STANDARD & MULTI PITCH | SHAFT-TAIL | 11-023-022-1
IMG_7756|RECEIVING CONVEYOR - 5 FT STANDARD & MULTI PITCH | TROUGH-CHAIN | 11-023-023-1
IMG_7756|RECEIVING CONVEYOR - 5 FT STANDARD & MULTI PITCH | BRACKET-HINGE R.H. | 11-023-024-1
IMG_7756|RECEIVING CONVEYOR - 5 FT STANDARD & MULTI PITCH | BRACKET-HINGE L.H. | 11-023-025-1
IMG_7756|RECEIVING CONVEYOR - 5 FT STANDARD & MULTI PITCH | BRACKET-TROUGH SUPPORT | 11-023-026-1
IMG_7756|RECEIVING CONVEYOR - 5 FT STANDARD & MULTI PITCH | NOSE SIDE COVER-FRONT | 11-023-027-1
IMG_7756|RECEIVING CONVEYOR - 5 FT STANDARD & MULTI PITCH | NOSE SIDE COVER-REAR | 11-023-028-1
IMG_7756|RECEIVING CONVEYOR - 5 FT STANDARD & MULTI PITCH | TROUGH-TAIL | 11-023-029-1
IMG_7756|RECEIVING CONVEYOR - 5 FT STANDARD & MULTI PITCH | HINGE | 11-023-030-1
IMG_7756|RECEIVING CONVEYOR - 5 FT STANDARD & MULTI PITCH | COVER-TOP | 11-023-031-1
IMG_7756|RECEIVING CONVEYOR - 5 FT STANDARD & MULTI PITCH | SUPPORT-SHAFT | 11-023-032-1
IMG_7756|RECEIVING CONVEYOR - 5 FT STANDARD & MULTI PITCH | BAR-RIDER-NOSE | 11-023-033-1
IMG_7756|RECEIVING CONVEYOR - 5 FT STANDARD & MULTI PITCH | STRIP-RIDER-NOSE | 11-023-034-1
IMG_7756|RECEIVING CONVEYOR - 5 FT STANDARD & MULTI PITCH | BAR-RIDER-TAIL | 11-023-035-1
IMG_7756|RECEIVING CONVEYOR - 5 FT STANDARD & MULTI PITCH | STRIP-RIDER-TAIL | 11-023-036-1
IMG_7756|RECEIVING CONVEYOR - 5 FT STANDARD & MULTI PITCH | SPACER-BAR RIDER | 11-023-037-1
IMG_7756|RECEIVING CONVEYOR - 5 FT STANDARD & MULTI PITCH | HUB-PUSHER ERECTOR | 11-023-038-1
IMG_7757|Category | Subcategory | Part Number/ID
IMG_7757|AmeriPak PFM 2000/2500 | Rail-Nose-R.H. | 11-023-039-1
IMG_7757|AmeriPak PFM 2000/2500 | Rail-Nose-L.H. | 11-023-040-1
IMG_7757|AmeriPak PFM 2000/2500 | Rail 5FT | 11-023-041-1
IMG_7757|AmeriPak PFM 2000/2500 | Strip-Rider | 11-023-042-1
IMG_7757|AmeriPak PFM 2000/2500 | Disc-Pusher Erector | 11-023-043-1
IMG_7757|AmeriPak PFM 2000/2500 | Cam-Pusher Erector | 11-023-044-1
IMG_7757|AmeriPak PFM 2000/2500 | Spacer-Sprocket | 11-023-045-1
IMG_7757|AmeriPak PFM 2000/2500 | Lever-Operating | 11-023-046-1
IMG_7757|AmeriPak PFM 2000/2500 | Plate-Stop | 11-023-048-1
IMG_7757|AmeriPak PFM 2000/2500 | Plate-Splice | 11-023-049-1
IMG_7757|AmeriPak PFM 2000/2500 | Stud-Pivot | 11-023-050-1
IMG_7757|AmeriPak PFM 2000/2500 | Lever | 11-023-051-1
IMG_7757|AmeriPak PFM 2000/2500 | Rod Connecting | 11-023-052-1
IMG_7757|AmeriPak PFM 2000/2500 | Spacer-1/4 | 11-023-053-1
IMG_7757|AmeriPak PFM 2000/2500 | Spacer-1/8 | 11-023-054-1
IMG_7757|AmeriPak PFM 2000/2500 | Cross Brace-Modified | 11-023-055-1
IMG_7757|AmeriPak PFM 2000/2500 | Plate-Take Up | 11-023-056-1
IMG_7757|AmeriPak PFM 2000/2500 | Top Plate-Rear | 11-023-057-1
IMG_7757|AmeriPak PFM 2000/2500 | Cover-Top | 11-023-058-1
IMG_7757|AmeriPak PFM 2000/2500 | Trough-Tail | 11-023-059-3
IMG_7757|AmeriPak PFM 2000/2500 | Bracket-Nose-R.H. | 11-023-060-1
IMG_7757|AmeriPak PFM 2000/2500 | Spacer-Upper PFM 2000 | 11-023-061-1
IMG_7757|AmeriPak PFM 2000/2500 | Spacer-Lower PFM 2000 | 11-023-062-1
IMG_7757|AmeriPak PFM 2000/2500 | Spacer-Upper PFM 2500 | 11-023-063-1
IMG_7757|AmeriPak PFM 2000/2500 | Spacer-Lower PFM 2500 | 11-023-064-1
IMG_7757|AmeriPak PFM 2000/2500 | Rider Bar-Nose | 11-023-065-1
IMG_7757|AmeriPak PFM 2000/2500 | Rider Bar-Tail | 11-023-066-1
IMG_7757|AmeriPak PFM 2000/2500 | Stud-Pivot | 11-023-067-1
IMG_7757|AmeriPak PFM 2000/2500 | Cross Plate-Nose | 11-023-068-1
IMG_7757|AmeriPak PFM 2000/2500 | Cross Brace-Nose | 11-023-069-1
IMG_7757|AmeriPak PFM 2000/2500 | Support Block-Top Plate | 11-023-070-1
IMG_7757|AmeriPak PFM 2000/2500 | Cam-Pusher Erector | 11-023-071-1
IMG_7757|AmeriPak PFM 2000/2500 | Bracket-Nose-L.H. | 11-023-072-3
IMG_7757|AmeriPak PFM 2000/2500 | Rail-Extension (Special for Acme Cake) | 11-023-073-1
IMG_7757|AmeriPak PFM 2000/2500 | Brace-Conveyor | 11-023-074-1
IMG_7757|AmeriPak PFM 2000/2500 | Spacer-Upper (Extra Wide) | 11-023-075-1
IMG_7757|AmeriPak PFM 2000/2500 | Spacer-Lower (Extra Wide) | 11-023-076-1
IMG_7757|AmeriPak PFM 2000/2500 | Cross Brace | 11-023-077-1
IMG_7758|Category | Subcategory | Part Number/ID
IMG_7758|SUPPORT-TOP PLATE EXT | TOP PLATE - R.H. | 11-023-078-1
IMG_7758|SUPPORT-TOP PLATE EXT | TOP PLATE - R.H. | 11-023-079-1
IMG_7758|SUPPORT-TOP PLATE EXT | TOP PLATE - L.H. (NOTCHED) | 11-023-080-1
IMG_7758|SUPPORT-TOP PLATE EXT | TOP PLATE - L.H. | 11-023-081-1
IMG_7758|SUPPORT-TOP PLATE EXT | TOP PLATE-NOSE EXTENSION-R.H. | 11-023-082-1
IMG_7758|SUPPORT-TOP PLATE EXT | TOP PLATE-NOSE EXTENSION-L.H. | 11-023-083-1
IMG_7758|SUPPORT-TOP PLATE EXT | SUPPORT - NOSE PLATE | 11-023-084-1
IMG_7758|SUPPORT-TOP PLATE EXT | BLOCK - NOSE PLATE - MTG. R.H. | 11-023-085-1
IMG_7758|SUPPORT-TOP PLATE EXT | BLOCK - NOSE PLATE - MTG. L.H. | 11-023-086-1
IMG_7758|SUPPORT-TOP PLATE EXT | RETAINER PLATE (TOP PLATE) R.H. | 11-023-087-1
IMG_7758|SUPPORT-TOP PLATE EXT | RETAINER PLATE (TOP PLATE) L.H. | 11-023-088-1
IMG_7758|SUPPORT-TOP PLATE EXT | SPACER-NOSE PLATE SUPPORT | 11-023-089-1
IMG_7758|SUPPORT-TOP PLATE EXT | STRIP-TAIL RIDER | 11-023-090-1
IMG_7758|SUPPORT-TOP PLATE EXT | BAR-TAIL RIDER | 11-023-091-1
IMG_7758|SUPPORT-TOP PLATE EXT | COVER-TOP | 11-023-092-3
IMG_7758|SUPPORT-TOP PLATE EXT | BRACKET-NOSE R.H. (EXTRA WIDE) | 11-023-093-3
IMG_7758|SUPPORT-TOP PLATE EXT | BRACKET-NOSE L.H. (EXTRA WIDE) | 11-023-094-1
IMG_7758|SUPPORT-TOP PLATE EXT | SPACER-UPPER | 11-023-095-1
IMG_7758|SUPPORT-TOP PLATE EXT | SPACER-LOWER | 11-023-096-1
IMG_7758|SUPPORT-TOP PLATE EXT | ANGLE - CONVEYOR SUPPORT - STEFANO'S | 11-023-097-1
IMG_7758|SUPPORT-TOP PLATE EXT | COVER - TOP | 11-023-098-1
IMG_7758|SUPPORT-TOP PLATE EXT |" "" "| 11-023-099-1
IMG_7758|SUPPORT-TOP PLATE EXT | GUARD-NOSE SPROCKET 26000 | 11-023-100-1
IMG_7758|SUPPORT-TOP PLATE EXT | LEG - BLANK (TO MAKE 11-023-015-1) | 11-023-101-2
IMG_7758|SUPPORT-TOP PLATE EXT | PLATE - CONV. MTG | 11-023-102-2
IMG_7758|SUPPORT-TOP PLATE EXT | PLATE - CONV. CROSS | 11-023-103-1
IMG_7758|SUPPORT-TOP PLATE EXT | PLATE - GUSSET | 11-023-104-1
IMG_7758|SUPPORT-TOP PLATE EXT | PLATE-OUTSIDE BEARING | 11-023-105-2
IMG_7758|SUPPORT-TOP PLATE EXT | PLATE-SIDE R.H. | 11-023-106-2
IMG_7758|SUPPORT-TOP PLATE EXT | PLATE-SIDE L.H. | 11-023-107-1
IMG_7758|SUPPORT-TOP PLATE EXT | PLATE-TAKE UP | 11-023-108-1
IMG_7758|SUPPORT-TOP PLATE EXT | PLATE-CONV. END | 11-023-109-1
IMG_7758|SUPPORT-TOP PLATE EXT | BLOCK-GUARD SUPPORT | 11-023-110-1
IMG_7758|SUPPORT-TOP PLATE EXT | BRACE-CROSS | 11-023-111-1
IMG_7758|SUPPORT-TOP PLATE EXT | SUPPORT-RAIL | 11-023-112-1
IMG_7758|SUPPORT-TOP PLATE EXT | BLOCK | 11-023-113-1
IMG_7758|SUPPORT-TOP PLATE EXT | STUD | 11-023-114-1
IMG_7758|SUPPORT-TOP PLATE EXT | PLATE-RAIL SUPPORT | 11-023-115-1
IMG_7758|SUPPORT-TOP PLATE EXT | BAR-SUPPORT | 11-023-116-1
IMG_7758|SUPPORT-TOP PLATE EXT | LEG |
IMG_7759|Category | Subcategory | Part Number/ID
IMG_7759|11-023- | BAR | 11-023-117-1
IMG_7759|11-023- | TUBE | 11-023-118-1
IMG_7759|11-023- | PLATE | 11-023-119-1
IMG_7759|11-023- | SHAFT-NOSE | 11-023-120-1
IMG_7759|11-023- | SHAFT-TAIL SPROCKET | 11-023-121-1
IMG_7759|11-023- | PLATE-TAPPING | 11-023-122-1
IMG_7759|11-023- | SPROCKET-MODIFIED | 11-023-123-1
IMG_7759|11-023- | GUARD | 11-023-124-1
IMG_7759|11-023- | BAR RIDER | 11-023-125-1
IMG_7759|11-023- | BAR | 11-023-126-1
IMG_7759|11-023- | STUD | 11-023-127-1
IMG_7759|11-023- | SPACER-BAR RIDER | 11-023-128-1
IMG_7759|11-023- | BRACKET-CHAIN RETURN | 11-023-129-1
IMG_7759|11-023- | RAIL-CHAIN RETURN | 11-023-130-1
IMG_7759|11-023- | BLOCK-GUIDE SUPPORT | 11-023-131-1
IMG_7759|11-023- | KNOB-CLAMP | 11-023-132-1
IMG_7759|11-023- | ROD | 11-023-133-1
IMG_7759|11-023- | RAIL-PRODUCT R.H | 11-023-134-2
IMG_7759|11-023- | RAIL-PRODUCT L.H | 11-023-135-2
IMG_7759|11-023- | GUIDE-SIDE R.H. | 11-023-136-2
IMG_7759|11-023- | GUIDE-SIDE L.H | 11-023-137-2
IMG_7759|11-023- | BRACKET-GUIDE | 11-023-138-1
IMG_7759|11-023- | PLATE-TAPPING | 11-023-139-1
IMG_7759|11-023- | PUSHER-MODIFIED | 11-023-140-1
IMG_7759|11-023- | PIN-PUSHER SUPPORT | 11-023-141-1
IMG_7759|11-023- | SPACER-RIDER BAR | 11-023-142-1
IMG_7759|11-023- | SPACER-RIDER BAR | 11-023-143-1
IMG_7759|11-023- | CROSS BRACE-NOSE | 11-023-144-1
IMG_7759|11-023- | CROSS BRACE | 11-023-145-1
IMG_7759|11-023- | BAR RIDER-NOSE | 11-023-146-1
IMG_7759|11-023- | BAR RIDER-TAIL | 11-023-147-1
IMG_7759|11-023- | KNOB | 11-023-148-1
IMG_7759|11-023- | BRUSH 3626 | 11-023-149-1
IMG_7759|11-023- | CLAMP-BRUSH | 11-023-150-1
IMG_7759|11-023- | PLATE-SHAFT MOUNTING | 11-023-151-1
IMG_7759|11-023- | SPACER-RAMP | 11-023-152-1
IMG_7759|11-023- | SIDE PLATE-MODIFIED | 11-023-153-1
IMG_7759|11-023- | SHAFT-TAIL | 11-023-154-1
IMG_7759|11-023- | SPACER-BAR RIDER | 11-023-155-1
IMG_7759|11-023- | -TAIL | 11-023-156-1
IMG_7760|Category | Subcategory | Part Number/ID
IMG_7760|VECTOR PFM-2500 GOLDENBERG | COVER-TOP (DOGHOUSE) | 11-023-157-1
IMG_7760|VECTOR PFM-2500 GOLDENBERG | GUARD-TOP COVER | 11-023-158-1
IMG_7760|VECTOR PFM-2500 GOLDENBERG |" GUIDE BRUSH-REAR 38 1/2"" "| 11-023-159-1
IMG_7760|VECTOR PFM-2500 GOLDENBERG |" COVER-BRUSH (FRONT) 37 1/2"" "| 11-023-160-1
IMG_7760|VECTOR PFM-2500 GOLDENBERG |" COVER-BRUSH (11"") 37 1/2"" "| 11-023-161-1
IMG_7760|VECTOR PFM-2500 GOLDENBERG | BRACKET-BRUSH-FORMER PLATE | 11-023-162-1
IMG_7760|VECTOR PFM-2500 GOLDENBERG | BRUSH-FORMER PLATE | 11-023-163-1
IMG_7760|VECTOR PFM-2500 GOLDENBERG | TOP PLATE-NOSE-RH | 11-023-164-1
IMG_7760|VECTOR PFM-2500 GOLDENBERG | TOP PLATE-NOSE-LH | 11-023-165-1
IMG_7760|VECTOR PFM-2500 GOLDENBERG | PIN-PUSHER | 11-023-166-1
IMG_7761|Category | Subcategory | Part Number/ID
IMG_7761|Vertical Crimper Drive & Support Frame | | 11-024-000
IMG_7761|Vertical Crimper Drive & Support Frame | Frame-Crimper Support R.H. | 11-024-001-3
IMG_7761|Vertical Crimper Drive & Support Frame | Frame-Crimper Support L.H. | 11-024-002-3
IMG_7761|Vertical Crimper Drive & Support Frame | Tie Plate | 11-024-003-1
IMG_7761|Vertical Crimper Drive & Support Frame | Guard-Gear R.H. | 11-024-004-1
IMG_7761|Vertical Crimper Drive & Support Frame | Cover | 11-024-005-1
IMG_7761|Vertical Crimper Drive & Support Frame | Spacer | 11-024-006-1
IMG_7761|Vertical Crimper Drive & Support Frame | Sprocket-Idler | 11-024-007-1
IMG_7761|Vertical Crimper Drive & Support Frame | Stud-Idler | 11-024-008-1
IMG_7761|Vertical Crimper Drive & Support Frame | Bar-Idler Mounting | 11-024-009-1
IMG_7761|Vertical Crimper Drive & Support Frame | Plate-Idler Support | 11-024-010-1
IMG_7761|Vertical Crimper Drive & Support Frame | Post-Adj Screw | 11-024-011-1
IMG_7761|Vertical Crimper Drive & Support Frame | Screw-Adjusting | 11-024-012-1
IMG_7761|Vertical Crimper Drive & Support Frame | Coupling | 11-024-013-1
IMG_7761|Vertical Crimper Drive & Support Frame | Shaft-Stub | 11-024-014-1
IMG_7761|Vertical Crimper Drive & Support Frame | Bracket-Bearing Support | 11-024-015-1
IMG_7761|Vertical Crimper Drive & Support Frame | Plate-Bearing Support | 11-024-016-1
IMG_7761|Vertical Crimper Drive & Support Frame | Bar-Crimper Support | 11-024-017-1
IMG_7761|Vertical Crimper Drive & Support Frame | Disc-Product Support | 11-024-018-1
IMG_7761|Vertical Crimper Drive & Support Frame | Spacer-Support Bracket | 11-024-019-1
IMG_7761|Vertical Crimper Drive & Support Frame | Bracket | 11-024-020-1
IMG_7761|Vertical Crimper Drive & Support Frame | Guard-Gear L.H. | 11-024-021-1
IMG_7761|Vertical Crimper Drive & Support Frame | Frame-Alteration | 11-024-022-1
IMG_7761|Vertical Crimper Drive & Support Frame | Guard-Top | 11-024-023-1
IMG_7761|Vertical Crimper Drive & Support Frame | Guard-Front | 11-024-024-1
IMG_7761|Vertical Crimper Drive & Support Frame | Guard-Rear | 11-024-025-1
IMG_7761|Vertical Crimper Drive & Support Frame | Guard-Right Angle Drive | 11-024-026-1
IMG_7761|Vertical Crimper Drive & Support Frame | Bar-Cover Support | 11-024-027-1
IMG_7761|Vertical Crimper Drive & Support Frame | Shaft-Support | 11-024-028-1
IMG_7761|Vertical Crimper Drive & Support Frame | Support-Pivot Block | 11-024-029-1
IMG_7761|Vertical Crimper Drive & Support Frame | Arm-Support-Inside | 11-024-030-1
IMG_7761|Vertical Crimper Drive & Support Frame | Arm-Support-Outside | 11-024-031-1
IMG_7761|Vertical Crimper Drive & Support Frame | Bar-Cross | 11-024-032-1
IMG_7761|Vertical Crimper Drive & Support Frame | Guard | 11-024-033-1
IMG_7761|Vertical Crimper Drive & Support Frame | Clip-Guard Support | 11-024-034-1
IMG_7761|Vertical Crimper Drive & Support Frame | Shield-Side-R.H. | 11-024-035-1
IMG_7761|Vertical Crimper Drive & Support Frame | Shield-Side-L.H. | 024-036-1
IMG_7762|Category | Subcategory | Part Number/ID
IMG_7762|VERTICAL CRIMPER DRIVE & SUPPORT FRAME | | 11-024-000
IMG_7762|VERTICAL CRIMPER DRIVE & SUPPORT FRAME | SPACER-TOP GUARD | 11-024-037-1
IMG_7762|VERTICAL CRIMPER DRIVE & SUPPORT FRAME | SPACER-FRONT GUARD | 11-024-038-1
IMG_7762|VERTICAL CRIMPER DRIVE & SUPPORT FRAME | SPACER-SIDE SHIELD | 11-024-039-1
IMG_7762|VERTICAL CRIMPER DRIVE & SUPPORT FRAME | GUARD-LOWER GEAR | 11-024-040-1
IMG_7762|VERTICAL CRIMPER DRIVE & SUPPORT FRAME | COVER-FRAME | 11-024-041-1
IMG_7762|VERTICAL CRIMPER DRIVE & SUPPORT FRAME | PAN-DRIP | 11-024-042-1
IMG_7762|VERTICAL CRIMPER DRIVE & SUPPORT FRAME | LOWER GUARD-ALTERATION | 11-024-043-1
IMG_7762|VERTICAL CRIMPER DRIVE & SUPPORT FRAME | FLANGE CONNECTOR | 11-024-044-1
IMG_7762|VERTICAL CRIMPER DRIVE & SUPPORT FRAME | PAN-BOTTOM | 11-024-045-2
IMG_7762|VERTICAL CRIMPER DRIVE & SUPPORT FRAME | COVER-SIDE FRAME | 11-024-046-1
IMG_7762|VERTICAL CRIMPER DRIVE & SUPPORT FRAME | PLATE-CYLINDER MOUNTING | 11-024-047-1
IMG_7762|VERTICAL CRIMPER DRIVE & SUPPORT FRAME | PLATE-LIFT | 11-024-049-1
IMG_7762|VERTICAL CRIMPER DRIVE & SUPPORT FRAME | BRACKET-SWITCH | 11-024-049-1
IMG_7762|VERTICAL CRIMPER DRIVE & SUPPORT FRAME | BAR BRACKET MOUNTING | 11-024-050-1
